"Column Name","Label"
"GEO_ID","Geography"
"NAME","Geographic Area Name"
"S0101_C01_001E","Estimate!!Total!!Total population"
"S0101_C01_001M","Margin of Error!!Total!!Total population"
"S0101_C01_001MA","Annotation of Margin of Error!!Total!!Total population"
"S0101_C01_001EA","Annotation of Estimate!!Total!!Total population"
"S0101_C01_002E","Estimate!!Total!!Total population!!AGE!!Under 5 years"
"S0101_C01_002M","Margin of Error!!Total!!Total population!!AGE!!Under 5 years"
"S0101_C01_002MA","Annotation of Margin of Error!!Total!!Total population!!AGE!!Under 5 years"
"S0101_C01_002EA","Annotation of Estimate!!Total!!Total population!!AGE!!Under 5 years"
"S0101_C01_003E","Estimate!!Total!!Total population!!AGE!!5 to 9 years"
"S0101_C01_003M","Margin of Error!!Total!!Total population!!AGE!!5 to 9 years"
"S0101_C01_003MA","Annotation of Margin of Error!!Total!!Total population!!AGE!!5 to 9 years"
"S0101_C01_003EA","Annotation of Estimate!!Total!!Total population!!AGE!!5 to 9 years"
"S0101_C01_004E","Estimate!!Total!!Total population!!AGE!!10 to 14 years"
"S0101_C01_004M","Margin of Error!!Total!!Total population!!AGE!!10 to 14 years"
"S0101_C01_004MA","Annotation of Margin of Error!!Total!!Total population!!AGE!!10 to 14 years"
"S0101_C01_004EA","Annotation of Estimate!!Total!!Total population!!AGE!!10 to 14 years"
"S0101_C01_005E","Estimate!!Total!!Total population!!AGE!!15 to 19 years"
"S0101_C01_005M","Margin of Error!!Total!!Total population!!AGE!!15 to 19 years"
"S0101_C01_005MA","Annotation of Margin of Error!!Total!!Total population!!AGE!!15 to 19 years"
"S0101_C01_005EA","Annotation of Estimate!!Total!!Total population!!AGE!!15 to 19 years"
"S0101_C01_006E","Estimate!!Total!!Total population!!AGE!!20 to 24 years"
"S0101_C01_006EA","Annotation of Estimate!!Total!!Total population!!AGE!!20 to 24 years"
"S0101_C01_006M","Margin of Error!!Total!!Total population!!AGE!!20 to 24 years"
"S0101_C01_006MA","Annotation of Margin of Error!!Total!!Total population!!AGE!!20 to 24 years"
"S0101_C01_007E","Estimate!!Total!!Total population!!AGE!!25 to 29 years"
"S0101_C01_007M","Margin of Error!!Total!!Total population!!AGE!!25 to 29 years"
"S0101_C01_007MA","Annotation of Margin of Error!!Total!!Total population!!AGE!!25 to 29 years"
"S0101_C01_007EA","Annotation of Estimate!!Total!!Total population!!AGE!!25 to 29 years"
"S0101_C01_008E","Estimate!!Total!!Total population!!AGE!!30 to 34 years"
"S0101_C01_008M","Margin of Error!!Total!!Total population!!AGE!!30 to 34 years"
"S0101_C01_008MA","Annotation of Margin of Error!!Total!!Total population!!AGE!!30 to 34 years"
"S0101_C01_008EA","Annotation of Estimate!!Total!!Total population!!AGE!!30 to 34 years"
"S0101_C01_009E","Estimate!!Total!!Total population!!AGE!!35 to 39 years"
"S0101_C01_009M","Margin of Error!!Total!!Total population!!AGE!!35 to 39 years"
"S0101_C01_009MA","Annotation of Margin of Error!!Total!!Total population!!AGE!!35 to 39 years"
"S0101_C01_009EA","Annotation of Estimate!!Total!!Total population!!AGE!!35 to 39 years"
"S0101_C01_010E","Estimate!!Total!!Total population!!AGE!!40 to 44 years"
"S0101_C01_010M","Margin of Error!!Total!!Total population!!AGE!!40 to 44 years"
"S0101_C01_010MA","Annotation of Margin of Error!!Total!!Total population!!AGE!!40 to 44 years"
"S0101_C01_010EA","Annotation of Estimate!!Total!!Total population!!AGE!!40 to 44 years"
"S0101_C01_011E","Estimate!!Total!!Total population!!AGE!!45 to 49 years"
"S0101_C01_011M","Margin of Error!!Total!!Total population!!AGE!!45 to 49 years"
"S0101_C01_011MA","Annotation of Margin of Error!!Total!!Total population!!AGE!!45 to 49 years"
"S0101_C01_011EA","Annotation of Estimate!!Total!!Total population!!AGE!!45 to 49 years"
"S0101_C01_012E","Estimate!!Total!!Total population!!AGE!!50 to 54 years"
"S0101_C01_012M","Margin of Error!!Total!!Total population!!AGE!!50 to 54 years"
"S0101_C01_012MA","Annotation of Margin of Error!!Total!!Total population!!AGE!!50 to 54 years"
"S0101_C01_012EA","Annotation of Estimate!!Total!!Total population!!AGE!!50 to 54 years"
"S0101_C01_013E","Estimate!!Total!!Total population!!AGE!!55 to 59 years"
"S0101_C01_013M","Margin of Error!!Total!!Total population!!AGE!!55 to 59 years"
"S0101_C01_013MA","Annotation of Margin of Error!!Total!!Total population!!AGE!!55 to 59 years"
"S0101_C01_013EA","Annotation of Estimate!!Total!!Total population!!AGE!!55 to 59 years"
"S0101_C01_014E","Estimate!!Total!!Total population!!AGE!!60 to 64 years"
"S0101_C01_014EA","Annotation of Estimate!!Total!!Total population!!AGE!!60 to 64 years"
"S0101_C01_014M","Margin of Error!!Total!!Total population!!AGE!!60 to 64 years"
"S0101_C01_014MA","Annotation of Margin of Error!!Total!!Total population!!AGE!!60 to 64 years"
"S0101_C01_015E","Estimate!!Total!!Total population!!AGE!!65 to 69 years"
"S0101_C01_015EA","Annotation of Estimate!!Total!!Total population!!AGE!!65 to 69 years"
"S0101_C01_015M","Margin of Error!!Total!!Total population!!AGE!!65 to 69 years"
"S0101_C01_015MA","Annotation of Margin of Error!!Total!!Total population!!AGE!!65 to 69 years"
"S0101_C01_016E","Estimate!!Total!!Total population!!AGE!!70 to 74 years"
"S0101_C01_016EA","Annotation of Estimate!!Total!!Total population!!AGE!!70 to 74 years"
"S0101_C01_016M","Margin of Error!!Total!!Total population!!AGE!!70 to 74 years"
"S0101_C01_016MA","Annotation of Margin of Error!!Total!!Total population!!AGE!!70 to 74 years"
"S0101_C01_017E","Estimate!!Total!!Total population!!AGE!!75 to 79 years"
"S0101_C01_017M","Margin of Error!!Total!!Total population!!AGE!!75 to 79 years"
"S0101_C01_017MA","Annotation of Margin of Error!!Total!!Total population!!AGE!!75 to 79 years"
"S0101_C01_017EA","Annotation of Estimate!!Total!!Total population!!AGE!!75 to 79 years"
"S0101_C01_018E","Estimate!!Total!!Total population!!AGE!!80 to 84 years"
"S0101_C01_018EA","Annotation of Estimate!!Total!!Total population!!AGE!!80 to 84 years"
"S0101_C01_018M","Margin of Error!!Total!!Total population!!AGE!!80 to 84 years"
"S0101_C01_018MA","Annotation of Margin of Error!!Total!!Total population!!AGE!!80 to 84 years"
"S0101_C01_019E","Estimate!!Total!!Total population!!AGE!!85 years and over"
"S0101_C01_019EA","Annotation of Estimate!!Total!!Total population!!AGE!!85 years and over"
"S0101_C01_019M","Margin of Error!!Total!!Total population!!AGE!!85 years and over"
"S0101_C01_019MA","Annotation of Margin of Error!!Total!!Total population!!AGE!!85 years and over"
"S0101_C01_020E","Estimate!!Total!!Total population!!SELECTED AGE CATEGORIES!!5 to 14 years"
"S0101_C01_020EA","Annotation of Estimate!!Total!!Total population!!SELECTED AGE CATEGORIES!!5 to 14 years"
"S0101_C01_020M","Margin of Error!!Total!!Total population!!SELECTED AGE CATEGORIES!!5 to 14 years"
"S0101_C01_020MA","Annotation of Margin of Error!!Total!!Total population!!SELECTED AGE CATEGORIES!!5 to 14 years"
"S0101_C01_021E","Estimate!!Total!!Total population!!SELECTED AGE CATEGORIES!!15 to 17 years"
"S0101_C01_021EA","Annotation of Estimate!!Total!!Total population!!SELECTED AGE CATEGORIES!!15 to 17 years"
"S0101_C01_021M","Margin of Error!!Total!!Total population!!SELECTED AGE CATEGORIES!!15 to 17 years"
"S0101_C01_021MA","Annotation of Margin of Error!!Total!!Total population!!SELECTED AGE CATEGORIES!!15 to 17 years"
"S0101_C01_022E","Estimate!!Total!!Total population!!SELECTED AGE CATEGORIES!!Under 18 years"
"S0101_C01_022EA","Annotation of Estimate!!Total!!Total population!!SELECTED AGE CATEGORIES!!Under 18 years"
"S0101_C01_022M","Margin of Error!!Total!!Total population!!SELECTED AGE CATEGORIES!!Under 18 years"
"S0101_C01_022MA","Annotation of Margin of Error!!Total!!Total population!!SELECTED AGE CATEGORIES!!Under 18 years"
"S0101_C01_023E","Estimate!!Total!!Total population!!SELECTED AGE CATEGORIES!!18 to 24 years"
"S0101_C01_023EA","Annotation of Estimate!!Total!!Total population!!SELECTED AGE CATEGORIES!!18 to 24 years"
"S0101_C01_023M","Margin of Error!!Total!!Total population!!SELECTED AGE CATEGORIES!!18 to 24 years"
"S0101_C01_023MA","Annotation of Margin of Error!!Total!!Total population!!SELECTED AGE CATEGORIES!!18 to 24 years"
"S0101_C01_024E","Estimate!!Total!!Total population!!SELECTED AGE CATEGORIES!!15 to 44 years"
"S0101_C01_024EA","Annotation of Estimate!!Total!!Total population!!SELECTED AGE CATEGORIES!!15 to 44 years"
"S0101_C01_024M","Margin of Error!!Total!!Total population!!SELECTED AGE CATEGORIES!!15 to 44 years"
"S0101_C01_024MA","Annotation of Margin of Error!!Total!!Total population!!SELECTED AGE CATEGORIES!!15 to 44 years"
"S0101_C01_025E","Estimate!!Total!!Total population!!SELECTED AGE CATEGORIES!!16 years and over"
"S0101_C01_025EA","Annotation of Estimate!!Total!!Total population!!SELECTED AGE CATEGORIES!!16 years and over"
"S0101_C01_025M","Margin of Error!!Total!!Total population!!SELECTED AGE CATEGORIES!!16 years and over"
"S0101_C01_025MA","Annotation of Margin of Error!!Total!!Total population!!SELECTED AGE CATEGORIES!!16 years and over"
"S0101_C01_026E","Estimate!!Total!!Total population!!SELECTED AGE CATEGORIES!!18 years and over"
"S0101_C01_026EA","Annotation of Estimate!!Total!!Total population!!SELECTED AGE CATEGORIES!!18 years and over"
"S0101_C01_026M","Margin of Error!!Total!!Total population!!SELECTED AGE CATEGORIES!!18 years and over"
"S0101_C01_026MA","Annotation of Margin of Error!!Total!!Total population!!SELECTED AGE CATEGORIES!!18 years and over"
"S0101_C01_027E","Estimate!!Total!!Total population!!SELECTED AGE CATEGORIES!!21 years and over"
"S0101_C01_027EA","Annotation of Estimate!!Total!!Total population!!SELECTED AGE CATEGORIES!!21 years and over"
"S0101_C01_027M","Margin of Error!!Total!!Total population!!SELECTED AGE CATEGORIES!!21 years and over"
"S0101_C01_027MA","Annotation of Margin of Error!!Total!!Total population!!SELECTED AGE CATEGORIES!!21 years and over"
"S0101_C01_028E","Estimate!!Total!!Total population!!SELECTED AGE CATEGORIES!!60 years and over"
"S0101_C01_028M","Margin of Error!!Total!!Total population!!SELECTED AGE CATEGORIES!!60 years and over"
"S0101_C01_028MA","Annotation of Margin of Error!!Total!!Total population!!SELECTED AGE CATEGORIES!!60 years and over"
"S0101_C01_028EA","Annotation of Estimate!!Total!!Total population!!SELECTED AGE CATEGORIES!!60 years and over"
"S0101_C01_029E","Estimate!!Total!!Total population!!SELECTED AGE CATEGORIES!!62 years and over"
"S0101_C01_029EA","Annotation of Estimate!!Total!!Total population!!SELECTED AGE CATEGORIES!!62 years and over"
"S0101_C01_029M","Margin of Error!!Total!!Total population!!SELECTED AGE CATEGORIES!!62 years and over"
"S0101_C01_029MA","Annotation of Margin of Error!!Total!!Total population!!SELECTED AGE CATEGORIES!!62 years and over"
"S0101_C01_030E","Estimate!!Total!!Total population!!SELECTED AGE CATEGORIES!!65 years and over"
"S0101_C01_030EA","Annotation of Estimate!!Total!!Total population!!SELECTED AGE CATEGORIES!!65 years and over"
"S0101_C01_030M","Margin of Error!!Total!!Total population!!SELECTED AGE CATEGORIES!!65 years and over"
"S0101_C01_030MA","Annotation of Margin of Error!!Total!!Total population!!SELECTED AGE CATEGORIES!!65 years and over"
"S0101_C01_031E","Estimate!!Total!!Total population!!SELECTED AGE CATEGORIES!!75 years and over"
"S0101_C01_031EA","Annotation of Estimate!!Total!!Total population!!SELECTED AGE CATEGORIES!!75 years and over"
"S0101_C01_031M","Margin of Error!!Total!!Total population!!SELECTED AGE CATEGORIES!!75 years and over"
"S0101_C01_031MA","Annotation of Margin of Error!!Total!!Total population!!SELECTED AGE CATEGORIES!!75 years and over"
"S0101_C01_032E","Estimate!!Total!!Total population!!SUMMARY INDICATORS!!Median age (years)"
"S0101_C01_032EA","Annotation of Estimate!!Total!!Total population!!SUMMARY INDICATORS!!Median age (years)"
"S0101_C01_032M","Margin of Error!!Total!!Total population!!SUMMARY INDICATORS!!Median age (years)"
"S0101_C01_032MA","Annotation of Margin of Error!!Total!!Total population!!SUMMARY INDICATORS!!Median age (years)"
"S0101_C01_033E","Estimate!!Total!!Total population!!SUMMARY INDICATORS!!Sex ratio (males per 100 females)"
"S0101_C01_033EA","Annotation of Estimate!!Total!!Total population!!SUMMARY INDICATORS!!Sex ratio (males per 100 females)"
"S0101_C01_033M","Margin of Error!!Total!!Total population!!SUMMARY INDICATORS!!Sex ratio (males per 100 females)"
"S0101_C01_033MA","Annotation of Margin of Error!!Total!!Total population!!SUMMARY INDICATORS!!Sex ratio (males per 100 females)"
"S0101_C01_034E","Estimate!!Total!!Total population!!SUMMARY INDICATORS!!Age dependency ratio"
"S0101_C01_034EA","Annotation of Estimate!!Total!!Total population!!SUMMARY INDICATORS!!Age dependency ratio"
"S0101_C01_034M","Margin of Error!!Total!!Total population!!SUMMARY INDICATORS!!Age dependency ratio"
"S0101_C01_034MA","Annotation of Margin of Error!!Total!!Total population!!SUMMARY INDICATORS!!Age dependency ratio"
"S0101_C01_035E","Estimate!!Total!!Total population!!SUMMARY INDICATORS!!Old-age dependency ratio"
"S0101_C01_035EA","Annotation of Estimate!!Total!!Total population!!SUMMARY INDICATORS!!Old-age dependency ratio"
"S0101_C01_035M","Margin of Error!!Total!!Total population!!SUMMARY INDICATORS!!Old-age dependency ratio"
"S0101_C01_035MA","Annotation of Margin of Error!!Total!!Total population!!SUMMARY INDICATORS!!Old-age dependency ratio"
"S0101_C01_036E","Estimate!!Total!!Total population!!SUMMARY INDICATORS!!Child dependency ratio"
"S0101_C01_036EA","Annotation of Estimate!!Total!!Total population!!SUMMARY INDICATORS!!Child dependency ratio"
"S0101_C01_036M","Margin of Error!!Total!!Total population!!SUMMARY INDICATORS!!Child dependency ratio"
"S0101_C01_036MA","Annotation of Margin of Error!!Total!!Total population!!SUMMARY INDICATORS!!Child dependency ratio"
"S0101_C01_037E","Estimate!!Total!!Total population!!PERCENT ALLOCATED!!Sex"
"S0101_C01_037EA","Annotation of Estimate!!Total!!Total population!!PERCENT ALLOCATED!!Sex"
"S0101_C01_037M","Margin of Error!!Total!!Total population!!PERCENT ALLOCATED!!Sex"
"S0101_C01_037MA","Annotation of Margin of Error!!Total!!Total population!!PERCENT ALLOCATED!!Sex"
"S0101_C01_038E","Estimate!!Total!!Total population!!PERCENT ALLOCATED!!Age"
"S0101_C01_038EA","Annotation of Estimate!!Total!!Total population!!PERCENT ALLOCATED!!Age"
"S0101_C01_038M","Margin of Error!!Total!!Total population!!PERCENT ALLOCATED!!Age"
"S0101_C01_038MA","Annotation of Margin of Error!!Total!!Total population!!PERCENT ALLOCATED!!Age"
"S0101_C02_001E","Estimate!!Percent!!Total population"
"S0101_C02_001M","Margin of Error!!Percent!!Total population"
"S0101_C02_001MA","Annotation of Margin of Error!!Percent!!Total population"
"S0101_C02_001EA","Annotation of Estimate!!Percent!!Total population"
"S0101_C02_002E","Estimate!!Percent!!Total population!!AGE!!Under 5 years"
"S0101_C02_002M","Margin of Error!!Percent!!Total population!!AGE!!Under 5 years"
"S0101_C02_002MA","Annotation of Margin of Error!!Percent!!Total population!!AGE!!Under 5 years"
"S0101_C02_002EA","Annotation of Estimate!!Percent!!Total population!!AGE!!Under 5 years"
"S0101_C02_003E","Estimate!!Percent!!Total population!!AGE!!5 to 9 years"
"S0101_C02_003M","Margin of Error!!Percent!!Total population!!AGE!!5 to 9 years"
"S0101_C02_003MA","Annotation of Margin of Error!!Percent!!Total population!!AGE!!5 to 9 years"
"S0101_C02_003EA","Annotation of Estimate!!Percent!!Total population!!AGE!!5 to 9 years"
"S0101_C02_004E","Estimate!!Percent!!Total population!!AGE!!10 to 14 years"
"S0101_C02_004EA","Annotation of Estimate!!Percent!!Total population!!AGE!!10 to 14 years"
"S0101_C02_004M","Margin of Error!!Percent!!Total population!!AGE!!10 to 14 years"
"S0101_C02_004MA","Annotation of Margin of Error!!Percent!!Total population!!AGE!!10 to 14 years"
"S0101_C02_005E","Estimate!!Percent!!Total population!!AGE!!15 to 19 years"
"S0101_C02_005M","Margin of Error!!Percent!!Total population!!AGE!!15 to 19 years"
"S0101_C02_005MA","Annotation of Margin of Error!!Percent!!Total population!!AGE!!15 to 19 years"
"S0101_C02_005EA","Annotation of Estimate!!Percent!!Total population!!AGE!!15 to 19 years"
"S0101_C02_006E","Estimate!!Percent!!Total population!!AGE!!20 to 24 years"
"S0101_C02_006M","Margin of Error!!Percent!!Total population!!AGE!!20 to 24 years"
"S0101_C02_006MA","Annotation of Margin of Error!!Percent!!Total population!!AGE!!20 to 24 years"
"S0101_C02_006EA","Annotation of Estimate!!Percent!!Total population!!AGE!!20 to 24 years"
"S0101_C02_007E","Estimate!!Percent!!Total population!!AGE!!25 to 29 years"
"S0101_C02_007M","Margin of Error!!Percent!!Total population!!AGE!!25 to 29 years"
"S0101_C02_007MA","Annotation of Margin of Error!!Percent!!Total population!!AGE!!25 to 29 years"
"S0101_C02_007EA","Annotation of Estimate!!Percent!!Total population!!AGE!!25 to 29 years"
"S0101_C02_008E","Estimate!!Percent!!Total population!!AGE!!30 to 34 years"
"S0101_C02_008M","Margin of Error!!Percent!!Total population!!AGE!!30 to 34 years"
"S0101_C02_008MA","Annotation of Margin of Error!!Percent!!Total population!!AGE!!30 to 34 years"
"S0101_C02_008EA","Annotation of Estimate!!Percent!!Total population!!AGE!!30 to 34 years"
"S0101_C02_009E","Estimate!!Percent!!Total population!!AGE!!35 to 39 years"
"S0101_C02_009M","Margin of Error!!Percent!!Total population!!AGE!!35 to 39 years"
"S0101_C02_009MA","Annotation of Margin of Error!!Percent!!Total population!!AGE!!35 to 39 years"
"S0101_C02_009EA","Annotation of Estimate!!Percent!!Total population!!AGE!!35 to 39 years"
"S0101_C02_010E","Estimate!!Percent!!Total population!!AGE!!40 to 44 years"
"S0101_C02_010EA","Annotation of Estimate!!Percent!!Total population!!AGE!!40 to 44 years"
"S0101_C02_010M","Margin of Error!!Percent!!Total population!!AGE!!40 to 44 years"
"S0101_C02_010MA","Annotation of Margin of Error!!Percent!!Total population!!AGE!!40 to 44 years"
"S0101_C02_011E","Estimate!!Percent!!Total population!!AGE!!45 to 49 years"
"S0101_C02_011M","Margin of Error!!Percent!!Total population!!AGE!!45 to 49 years"
"S0101_C02_011MA","Annotation of Margin of Error!!Percent!!Total population!!AGE!!45 to 49 years"
"S0101_C02_011EA","Annotation of Estimate!!Percent!!Total population!!AGE!!45 to 49 years"
"S0101_C02_012E","Estimate!!Percent!!Total population!!AGE!!50 to 54 years"
"S0101_C02_012M","Margin of Error!!Percent!!Total population!!AGE!!50 to 54 years"
"S0101_C02_012MA","Annotation of Margin of Error!!Percent!!Total population!!AGE!!50 to 54 years"
"S0101_C02_012EA","Annotation of Estimate!!Percent!!Total population!!AGE!!50 to 54 years"
"S0101_C02_013E","Estimate!!Percent!!Total population!!AGE!!55 to 59 years"
"S0101_C02_013M","Margin of Error!!Percent!!Total population!!AGE!!55 to 59 years"
"S0101_C02_013MA","Annotation of Margin of Error!!Percent!!Total population!!AGE!!55 to 59 years"
"S0101_C02_013EA","Annotation of Estimate!!Percent!!Total population!!AGE!!55 to 59 years"
"S0101_C02_014E","Estimate!!Percent!!Total population!!AGE!!60 to 64 years"
"S0101_C02_014EA","Annotation of Estimate!!Percent!!Total population!!AGE!!60 to 64 years"
"S0101_C02_014M","Margin of Error!!Percent!!Total population!!AGE!!60 to 64 years"
"S0101_C02_014MA","Annotation of Margin of Error!!Percent!!Total population!!AGE!!60 to 64 years"
"S0101_C02_015E","Estimate!!Percent!!Total population!!AGE!!65 to 69 years"
"S0101_C02_015M","Margin of Error!!Percent!!Total population!!AGE!!65 to 69 years"
"S0101_C02_015MA","Annotation of Margin of Error!!Percent!!Total population!!AGE!!65 to 69 years"
"S0101_C02_015EA","Annotation of Estimate!!Percent!!Total population!!AGE!!65 to 69 years"
"S0101_C02_016E","Estimate!!Percent!!Total population!!AGE!!70 to 74 years"
"S0101_C02_016EA","Annotation of Estimate!!Percent!!Total population!!AGE!!70 to 74 years"
"S0101_C02_016M","Margin of Error!!Percent!!Total population!!AGE!!70 to 74 years"
"S0101_C02_016MA","Annotation of Margin of Error!!Percent!!Total population!!AGE!!70 to 74 years"
"S0101_C02_017E","Estimate!!Percent!!Total population!!AGE!!75 to 79 years"
"S0101_C02_017EA","Annotation of Estimate!!Percent!!Total population!!AGE!!75 to 79 years"
"S0101_C02_017M","Margin of Error!!Percent!!Total population!!AGE!!75 to 79 years"
"S0101_C02_017MA","Annotation of Margin of Error!!Percent!!Total population!!AGE!!75 to 79 years"
"S0101_C02_018E","Estimate!!Percent!!Total population!!AGE!!80 to 84 years"
"S0101_C02_018EA","Annotation of Estimate!!Percent!!Total population!!AGE!!80 to 84 years"
"S0101_C02_018M","Margin of Error!!Percent!!Total population!!AGE!!80 to 84 years"
"S0101_C02_018MA","Annotation of Margin of Error!!Percent!!Total population!!AGE!!80 to 84 years"
"S0101_C02_019E","Estimate!!Percent!!Total population!!AGE!!85 years and over"
"S0101_C02_019EA","Annotation of Estimate!!Percent!!Total population!!AGE!!85 years and over"
"S0101_C02_019M","Margin of Error!!Percent!!Total population!!AGE!!85 years and over"
"S0101_C02_019MA","Annotation of Margin of Error!!Percent!!Total population!!AGE!!85 years and over"
"S0101_C02_020E","Estimate!!Percent!!Total population!!SELECTED AGE CATEGORIES!!5 to 14 years"
"S0101_C02_020EA","Annotation of Estimate!!Percent!!Total population!!SELECTED AGE CATEGORIES!!5 to 14 years"
"S0101_C02_020M","Margin of Error!!Percent!!Total population!!SELECTED AGE CATEGORIES!!5 to 14 years"
"S0101_C02_020MA","Annotation of Margin of Error!!Percent!!Total population!!SELECTED AGE CATEGORIES!!5 to 14 years"
"S0101_C02_021E","Estimate!!Percent!!Total population!!SELECTED AGE CATEGORIES!!15 to 17 years"
"S0101_C02_021EA","Annotation of Estimate!!Percent!!Total population!!SELECTED AGE CATEGORIES!!15 to 17 years"
"S0101_C02_021M","Margin of Error!!Percent!!Total population!!SELECTED AGE CATEGORIES!!15 to 17 years"
"S0101_C02_021MA","Annotation of Margin of Error!!Percent!!Total population!!SELECTED AGE CATEGORIES!!15 to 17 years"
"S0101_C02_022E","Estimate!!Percent!!Total population!!SELECTED AGE CATEGORIES!!Under 18 years"
"S0101_C02_022EA","Annotation of Estimate!!Percent!!Total population!!SELECTED AGE CATEGORIES!!Under 18 years"
"S0101_C02_022M","Margin of Error!!Percent!!Total population!!SELECTED AGE CATEGORIES!!Under 18 years"
"S0101_C02_022MA","Annotation of Margin of Error!!Percent!!Total population!!SELECTED AGE CATEGORIES!!Under 18 years"
"S0101_C02_023E","Estimate!!Percent!!Total population!!SELECTED AGE CATEGORIES!!18 to 24 years"
"S0101_C02_023EA","Annotation of Estimate!!Percent!!Total population!!SELECTED AGE CATEGORIES!!18 to 24 years"
"S0101_C02_023M","Margin of Error!!Percent!!Total population!!SELECTED AGE CATEGORIES!!18 to 24 years"
"S0101_C02_023MA","Annotation of Margin of Error!!Percent!!Total population!!SELECTED AGE CATEGORIES!!18 to 24 years"
"S0101_C02_024E","Estimate!!Percent!!Total population!!SELECTED AGE CATEGORIES!!15 to 44 years"
"S0101_C02_024EA","Annotation of Estimate!!Percent!!Total population!!SELECTED AGE CATEGORIES!!15 to 44 years"
"S0101_C02_024M","Margin of Error!!Percent!!Total population!!SELECTED AGE CATEGORIES!!15 to 44 years"
"S0101_C02_024MA","Annotation of Margin of Error!!Percent!!Total population!!SELECTED AGE CATEGORIES!!15 to 44 years"
"S0101_C02_025E","Estimate!!Percent!!Total population!!SELECTED AGE CATEGORIES!!16 years and over"
"S0101_C02_025EA","Annotation of Estimate!!Percent!!Total population!!SELECTED AGE CATEGORIES!!16 years and over"
"S0101_C02_025M","Margin of Error!!Percent!!Total population!!SELECTED AGE CATEGORIES!!16 years and over"
"S0101_C02_025MA","Annotation of Margin of Error!!Percent!!Total population!!SELECTED AGE CATEGORIES!!16 years and over"
"S0101_C02_026E","Estimate!!Percent!!Total population!!SELECTED AGE CATEGORIES!!18 years and over"
"S0101_C02_026M","Margin of Error!!Percent!!Total population!!SELECTED AGE CATEGORIES!!18 years and over"
"S0101_C02_026MA","Annotation of Margin of Error!!Percent!!Total population!!SELECTED AGE CATEGORIES!!18 years and over"
"S0101_C02_026EA","Annotation of Estimate!!Percent!!Total population!!SELECTED AGE CATEGORIES!!18 years and over"
"S0101_C02_027E","Estimate!!Percent!!Total population!!SELECTED AGE CATEGORIES!!21 years and over"
"S0101_C02_027EA","Annotation of Estimate!!Percent!!Total population!!SELECTED AGE CATEGORIES!!21 years and over"
"S0101_C02_027M","Margin of Error!!Percent!!Total population!!SELECTED AGE CATEGORIES!!21 years and over"
"S0101_C02_027MA","Annotation of Margin of Error!!Percent!!Total population!!SELECTED AGE CATEGORIES!!21 years and over"
"S0101_C02_028E","Estimate!!Percent!!Total population!!SELECTED AGE CATEGORIES!!60 years and over"
"S0101_C02_028EA","Annotation of Estimate!!Percent!!Total population!!SELECTED AGE CATEGORIES!!60 years and over"
"S0101_C02_028M","Margin of Error!!Percent!!Total population!!SELECTED AGE CATEGORIES!!60 years and over"
"S0101_C02_028MA","Annotation of Margin of Error!!Percent!!Total population!!SELECTED AGE CATEGORIES!!60 years and over"
"S0101_C02_029E","Estimate!!Percent!!Total population!!SELECTED AGE CATEGORIES!!62 years and over"
"S0101_C02_029EA","Annotation of Estimate!!Percent!!Total population!!SELECTED AGE CATEGORIES!!62 years and over"
"S0101_C02_029M","Margin of Error!!Percent!!Total population!!SELECTED AGE CATEGORIES!!62 years and over"
"S0101_C02_029MA","Annotation of Margin of Error!!Percent!!Total population!!SELECTED AGE CATEGORIES!!62 years and over"
"S0101_C02_030E","Estimate!!Percent!!Total population!!SELECTED AGE CATEGORIES!!65 years and over"
"S0101_C02_030M","Margin of Error!!Percent!!Total population!!SELECTED AGE CATEGORIES!!65 years and over"
"S0101_C02_030MA","Annotation of Margin of Error!!Percent!!Total population!!SELECTED AGE CATEGORIES!!65 years and over"
"S0101_C02_030EA","Annotation of Estimate!!Percent!!Total population!!SELECTED AGE CATEGORIES!!65 years and over"
"S0101_C02_031E","Estimate!!Percent!!Total population!!SELECTED AGE CATEGORIES!!75 years and over"
"S0101_C02_031EA","Annotation of Estimate!!Percent!!Total population!!SELECTED AGE CATEGORIES!!75 years and over"
"S0101_C02_031M","Margin of Error!!Percent!!Total population!!SELECTED AGE CATEGORIES!!75 years and over"
"S0101_C02_031MA","Annotation of Margin of Error!!Percent!!Total population!!SELECTED AGE CATEGORIES!!75 years and over"
"S0101_C02_032E","Estimate!!Percent!!Total population!!SUMMARY INDICATORS!!Median age (years)"
"S0101_C02_032EA","Annotation of Estimate!!Percent!!Total population!!SUMMARY INDICATORS!!Median age (years)"
"S0101_C02_032M","Margin of Error!!Percent!!Total population!!SUMMARY INDICATORS!!Median age (years)"
"S0101_C02_032MA","Annotation of Margin of Error!!Percent!!Total population!!SUMMARY INDICATORS!!Median age (years)"
"S0101_C02_033E","Estimate!!Percent!!Total population!!SUMMARY INDICATORS!!Sex ratio (males per 100 females)"
"S0101_C02_033EA","Annotation of Estimate!!Percent!!Total population!!SUMMARY INDICATORS!!Sex ratio (males per 100 females)"
"S0101_C02_033M","Margin of Error!!Percent!!Total population!!SUMMARY INDICATORS!!Sex ratio (males per 100 females)"
"S0101_C02_033MA","Annotation of Margin of Error!!Percent!!Total population!!SUMMARY INDICATORS!!Sex ratio (males per 100 females)"
"S0101_C02_034E","Estimate!!Percent!!Total population!!SUMMARY INDICATORS!!Age dependency ratio"
"S0101_C02_034EA","Annotation of Estimate!!Percent!!Total population!!SUMMARY INDICATORS!!Age dependency ratio"
"S0101_C02_034M","Margin of Error!!Percent!!Total population!!SUMMARY INDICATORS!!Age dependency ratio"
"S0101_C02_034MA","Annotation of Margin of Error!!Percent!!Total population!!SUMMARY INDICATORS!!Age dependency ratio"
"S0101_C02_035E","Estimate!!Percent!!Total population!!SUMMARY INDICATORS!!Old-age dependency ratio"
"S0101_C02_035EA","Annotation of Estimate!!Percent!!Total population!!SUMMARY INDICATORS!!Old-age dependency ratio"
"S0101_C02_035M","Margin of Error!!Percent!!Total population!!SUMMARY INDICATORS!!Old-age dependency ratio"
"S0101_C02_035MA","Annotation of Margin of Error!!Percent!!Total population!!SUMMARY INDICATORS!!Old-age dependency ratio"
"S0101_C02_036E","Estimate!!Percent!!Total population!!SUMMARY INDICATORS!!Child dependency ratio"
"S0101_C02_036EA","Annotation of Estimate!!Percent!!Total population!!SUMMARY INDICATORS!!Child dependency ratio"
"S0101_C02_036M","Margin of Error!!Percent!!Total population!!SUMMARY INDICATORS!!Child dependency ratio"
"S0101_C02_036MA","Annotation of Margin of Error!!Percent!!Total population!!SUMMARY INDICATORS!!Child dependency ratio"
"S0101_C02_037E","Estimate!!Percent!!Total population!!PERCENT ALLOCATED!!Sex"
"S0101_C02_037M","Margin of Error!!Percent!!Total population!!PERCENT ALLOCATED!!Sex"
"S0101_C02_037MA","Annotation of Margin of Error!!Percent!!Total population!!PERCENT ALLOCATED!!Sex"
"S0101_C02_037EA","Annotation of Estimate!!Percent!!Total population!!PERCENT ALLOCATED!!Sex"
"S0101_C02_038E","Estimate!!Percent!!Total population!!PERCENT ALLOCATED!!Age"
"S0101_C02_038EA","Annotation of Estimate!!Percent!!Total population!!PERCENT ALLOCATED!!Age"
"S0101_C02_038M","Margin of Error!!Percent!!Total population!!PERCENT ALLOCATED!!Age"
"S0101_C02_038MA","Annotation of Margin of Error!!Percent!!Total population!!PERCENT ALLOCATED!!Age"
"S0101_C03_001E","Estimate!!Male!!Total population"
"S0101_C03_001M","Margin of Error!!Male!!Total population"
"S0101_C03_001MA","Annotation of Margin of Error!!Male!!Total population"
"S0101_C03_001EA","Annotation of Estimate!!Male!!Total population"
"S0101_C03_002E","Estimate!!Male!!Total population!!AGE!!Under 5 years"
"S0101_C03_002EA","Annotation of Estimate!!Male!!Total population!!AGE!!Under 5 years"
"S0101_C03_002M","Margin of Error!!Male!!Total population!!AGE!!Under 5 years"
"S0101_C03_002MA","Annotation of Margin of Error!!Male!!Total population!!AGE!!Under 5 years"
"S0101_C03_003E","Estimate!!Male!!Total population!!AGE!!5 to 9 years"
"S0101_C03_003M","Margin of Error!!Male!!Total population!!AGE!!5 to 9 years"
"S0101_C03_003MA","Annotation of Margin of Error!!Male!!Total population!!AGE!!5 to 9 years"
"S0101_C03_003EA","Annotation of Estimate!!Male!!Total population!!AGE!!5 to 9 years"
"S0101_C03_004E","Estimate!!Male!!Total population!!AGE!!10 to 14 years"
"S0101_C03_004M","Margin of Error!!Male!!Total population!!AGE!!10 to 14 years"
"S0101_C03_004MA","Annotation of Margin of Error!!Male!!Total population!!AGE!!10 to 14 years"
"S0101_C03_004EA","Annotation of Estimate!!Male!!Total population!!AGE!!10 to 14 years"
"S0101_C03_005E","Estimate!!Male!!Total population!!AGE!!15 to 19 years"
"S0101_C03_005M","Margin of Error!!Male!!Total population!!AGE!!15 to 19 years"
"S0101_C03_005MA","Annotation of Margin of Error!!Male!!Total population!!AGE!!15 to 19 years"
"S0101_C03_005EA","Annotation of Estimate!!Male!!Total population!!AGE!!15 to 19 years"
"S0101_C03_006E","Estimate!!Male!!Total population!!AGE!!20 to 24 years"
"S0101_C03_006M","Margin of Error!!Male!!Total population!!AGE!!20 to 24 years"
"S0101_C03_006MA","Annotation of Margin of Error!!Male!!Total population!!AGE!!20 to 24 years"
"S0101_C03_006EA","Annotation of Estimate!!Male!!Total population!!AGE!!20 to 24 years"
"S0101_C03_007E","Estimate!!Male!!Total population!!AGE!!25 to 29 years"
"S0101_C03_007M","Margin of Error!!Male!!Total population!!AGE!!25 to 29 years"
"S0101_C03_007MA","Annotation of Margin of Error!!Male!!Total population!!AGE!!25 to 29 years"
"S0101_C03_007EA","Annotation of Estimate!!Male!!Total population!!AGE!!25 to 29 years"
"S0101_C03_008E","Estimate!!Male!!Total population!!AGE!!30 to 34 years"
"S0101_C03_008M","Margin of Error!!Male!!Total population!!AGE!!30 to 34 years"
"S0101_C03_008MA","Annotation of Margin of Error!!Male!!Total population!!AGE!!30 to 34 years"
"S0101_C03_008EA","Annotation of Estimate!!Male!!Total population!!AGE!!30 to 34 years"
"S0101_C03_009E","Estimate!!Male!!Total population!!AGE!!35 to 39 years"
"S0101_C03_009M","Margin of Error!!Male!!Total population!!AGE!!35 to 39 years"
"S0101_C03_009MA","Annotation of Margin of Error!!Male!!Total population!!AGE!!35 to 39 years"
"S0101_C03_009EA","Annotation of Estimate!!Male!!Total population!!AGE!!35 to 39 years"
"S0101_C03_010E","Estimate!!Male!!Total population!!AGE!!40 to 44 years"
"S0101_C03_010M","Margin of Error!!Male!!Total population!!AGE!!40 to 44 years"
"S0101_C03_010MA","Annotation of Margin of Error!!Male!!Total population!!AGE!!40 to 44 years"
"S0101_C03_010EA","Annotation of Estimate!!Male!!Total population!!AGE!!40 to 44 years"
"S0101_C03_011E","Estimate!!Male!!Total population!!AGE!!45 to 49 years"
"S0101_C03_011M","Margin of Error!!Male!!Total population!!AGE!!45 to 49 years"
"S0101_C03_011MA","Annotation of Margin of Error!!Male!!Total population!!AGE!!45 to 49 years"
"S0101_C03_011EA","Annotation of Estimate!!Male!!Total population!!AGE!!45 to 49 years"
"S0101_C03_012E","Estimate!!Male!!Total population!!AGE!!50 to 54 years"
"S0101_C03_012M","Margin of Error!!Male!!Total population!!AGE!!50 to 54 years"
"S0101_C03_012MA","Annotation of Margin of Error!!Male!!Total population!!AGE!!50 to 54 years"
"S0101_C03_012EA","Annotation of Estimate!!Male!!Total population!!AGE!!50 to 54 years"
"S0101_C03_013E","Estimate!!Male!!Total population!!AGE!!55 to 59 years"
"S0101_C03_013EA","Annotation of Estimate!!Male!!Total population!!AGE!!55 to 59 years"
"S0101_C03_013M","Margin of Error!!Male!!Total population!!AGE!!55 to 59 years"
"S0101_C03_013MA","Annotation of Margin of Error!!Male!!Total population!!AGE!!55 to 59 years"
"S0101_C03_014E","Estimate!!Male!!Total population!!AGE!!60 to 64 years"
"S0101_C03_014M","Margin of Error!!Male!!Total population!!AGE!!60 to 64 years"
"S0101_C03_014MA","Annotation of Margin of Error!!Male!!Total population!!AGE!!60 to 64 years"
"S0101_C03_014EA","Annotation of Estimate!!Male!!Total population!!AGE!!60 to 64 years"
"S0101_C03_015E","Estimate!!Male!!Total population!!AGE!!65 to 69 years"
"S0101_C03_015EA","Annotation of Estimate!!Male!!Total population!!AGE!!65 to 69 years"
"S0101_C03_015M","Margin of Error!!Male!!Total population!!AGE!!65 to 69 years"
"S0101_C03_015MA","Annotation of Margin of Error!!Male!!Total population!!AGE!!65 to 69 years"
"S0101_C03_016E","Estimate!!Male!!Total population!!AGE!!70 to 74 years"
"S0101_C03_016EA","Annotation of Estimate!!Male!!Total population!!AGE!!70 to 74 years"
"S0101_C03_016M","Margin of Error!!Male!!Total population!!AGE!!70 to 74 years"
"S0101_C03_016MA","Annotation of Margin of Error!!Male!!Total population!!AGE!!70 to 74 years"
"S0101_C03_017E","Estimate!!Male!!Total population!!AGE!!75 to 79 years"
"S0101_C03_017EA","Annotation of Estimate!!Male!!Total population!!AGE!!75 to 79 years"
"S0101_C03_017M","Margin of Error!!Male!!Total population!!AGE!!75 to 79 years"
"S0101_C03_017MA","Annotation of Margin of Error!!Male!!Total population!!AGE!!75 to 79 years"
"S0101_C03_018E","Estimate!!Male!!Total population!!AGE!!80 to 84 years"
"S0101_C03_018EA","Annotation of Estimate!!Male!!Total population!!AGE!!80 to 84 years"
"S0101_C03_018M","Margin of Error!!Male!!Total population!!AGE!!80 to 84 years"
"S0101_C03_018MA","Annotation of Margin of Error!!Male!!Total population!!AGE!!80 to 84 years"
"S0101_C03_019E","Estimate!!Male!!Total population!!AGE!!85 years and over"
"S0101_C03_019M","Margin of Error!!Male!!Total population!!AGE!!85 years and over"
"S0101_C03_019MA","Annotation of Margin of Error!!Male!!Total population!!AGE!!85 years and over"
"S0101_C03_019EA","Annotation of Estimate!!Male!!Total population!!AGE!!85 years and over"
"S0101_C03_020E","Estimate!!Male!!Total population!!SELECTED AGE CATEGORIES!!5 to 14 years"
"S0101_C03_020EA","Annotation of Estimate!!Male!!Total population!!SELECTED AGE CATEGORIES!!5 to 14 years"
"S0101_C03_020M","Margin of Error!!Male!!Total population!!SELECTED AGE CATEGORIES!!5 to 14 years"
"S0101_C03_020MA","Annotation of Margin of Error!!Male!!Total population!!SELECTED AGE CATEGORIES!!5 to 14 years"
"S0101_C03_021E","Estimate!!Male!!Total population!!SELECTED AGE CATEGORIES!!15 to 17 years"
"S0101_C03_021EA","Annotation of Estimate!!Male!!Total population!!SELECTED AGE CATEGORIES!!15 to 17 years"
"S0101_C03_021M","Margin of Error!!Male!!Total population!!SELECTED AGE CATEGORIES!!15 to 17 years"
"S0101_C03_021MA","Annotation of Margin of Error!!Male!!Total population!!SELECTED AGE CATEGORIES!!15 to 17 years"
"S0101_C03_022E","Estimate!!Male!!Total population!!SELECTED AGE CATEGORIES!!Under 18 years"
"S0101_C03_022EA","Annotation of Estimate!!Male!!Total population!!SELECTED AGE CATEGORIES!!Under 18 years"
"S0101_C03_022M","Margin of Error!!Male!!Total population!!SELECTED AGE CATEGORIES!!Under 18 years"
"S0101_C03_022MA","Annotation of Margin of Error!!Male!!Total population!!SELECTED AGE CATEGORIES!!Under 18 years"
"S0101_C03_023E","Estimate!!Male!!Total population!!SELECTED AGE CATEGORIES!!18 to 24 years"
"S0101_C03_023EA","Annotation of Estimate!!Male!!Total population!!SELECTED AGE CATEGORIES!!18 to 24 years"
"S0101_C03_023M","Margin of Error!!Male!!Total population!!SELECTED AGE CATEGORIES!!18 to 24 years"
"S0101_C03_023MA","Annotation of Margin of Error!!Male!!Total population!!SELECTED AGE CATEGORIES!!18 to 24 years"
"S0101_C03_024E","Estimate!!Male!!Total population!!SELECTED AGE CATEGORIES!!15 to 44 years"
"S0101_C03_024M","Margin of Error!!Male!!Total population!!SELECTED AGE CATEGORIES!!15 to 44 years"
"S0101_C03_024MA","Annotation of Margin of Error!!Male!!Total population!!SELECTED AGE CATEGORIES!!15 to 44 years"
"S0101_C03_024EA","Annotation of Estimate!!Male!!Total population!!SELECTED AGE CATEGORIES!!15 to 44 years"
"S0101_C03_025E","Estimate!!Male!!Total population!!SELECTED AGE CATEGORIES!!16 years and over"
"S0101_C03_025EA","Annotation of Estimate!!Male!!Total population!!SELECTED AGE CATEGORIES!!16 years and over"
"S0101_C03_025M","Margin of Error!!Male!!Total population!!SELECTED AGE CATEGORIES!!16 years and over"
"S0101_C03_025MA","Annotation of Margin of Error!!Male!!Total population!!SELECTED AGE CATEGORIES!!16 years and over"
"S0101_C03_026E","Estimate!!Male!!Total population!!SELECTED AGE CATEGORIES!!18 years and over"
"S0101_C03_026EA","Annotation of Estimate!!Male!!Total population!!SELECTED AGE CATEGORIES!!18 years and over"
"S0101_C03_026M","Margin of Error!!Male!!Total population!!SELECTED AGE CATEGORIES!!18 years and over"
"S0101_C03_026MA","Annotation of Margin of Error!!Male!!Total population!!SELECTED AGE CATEGORIES!!18 years and over"
"S0101_C03_027E","Estimate!!Male!!Total population!!SELECTED AGE CATEGORIES!!21 years and over"
"S0101_C03_027EA","Annotation of Estimate!!Male!!Total population!!SELECTED AGE CATEGORIES!!21 years and over"
"S0101_C03_027M","Margin of Error!!Male!!Total population!!SELECTED AGE CATEGORIES!!21 years and over"
"S0101_C03_027MA","Annotation of Margin of Error!!Male!!Total population!!SELECTED AGE CATEGORIES!!21 years and over"
"S0101_C03_028E","Estimate!!Male!!Total population!!SELECTED AGE CATEGORIES!!60 years and over"
"S0101_C03_028EA","Annotation of Estimate!!Male!!Total population!!SELECTED AGE CATEGORIES!!60 years and over"
"S0101_C03_028M","Margin of Error!!Male!!Total population!!SELECTED AGE CATEGORIES!!60 years and over"
"S0101_C03_028MA","Annotation of Margin of Error!!Male!!Total population!!SELECTED AGE CATEGORIES!!60 years and over"
"S0101_C03_029E","Estimate!!Male!!Total population!!SELECTED AGE CATEGORIES!!62 years and over"
"S0101_C03_029M","Margin of Error!!Male!!Total population!!SELECTED AGE CATEGORIES!!62 years and over"
"S0101_C03_029MA","Annotation of Margin of Error!!Male!!Total population!!SELECTED AGE CATEGORIES!!62 years and over"
"S0101_C03_029EA","Annotation of Estimate!!Male!!Total population!!SELECTED AGE CATEGORIES!!62 years and over"
"S0101_C03_030E","Estimate!!Male!!Total population!!SELECTED AGE CATEGORIES!!65 years and over"
"S0101_C03_030EA","Annotation of Estimate!!Male!!Total population!!SELECTED AGE CATEGORIES!!65 years and over"
"S0101_C03_030M","Margin of Error!!Male!!Total population!!SELECTED AGE CATEGORIES!!65 years and over"
"S0101_C03_030MA","Annotation of Margin of Error!!Male!!Total population!!SELECTED AGE CATEGORIES!!65 years and over"
"S0101_C03_031E","Estimate!!Male!!Total population!!SELECTED AGE CATEGORIES!!75 years and over"
"S0101_C03_031EA","Annotation of Estimate!!Male!!Total population!!SELECTED AGE CATEGORIES!!75 years and over"
"S0101_C03_031M","Margin of Error!!Male!!Total population!!SELECTED AGE CATEGORIES!!75 years and over"
"S0101_C03_031MA","Annotation of Margin of Error!!Male!!Total population!!SELECTED AGE CATEGORIES!!75 years and over"
"S0101_C03_032E","Estimate!!Male!!Total population!!SUMMARY INDICATORS!!Median age (years)"
"S0101_C03_032EA","Annotation of Estimate!!Male!!Total population!!SUMMARY INDICATORS!!Median age (years)"
"S0101_C03_032M","Margin of Error!!Male!!Total population!!SUMMARY INDICATORS!!Median age (years)"
"S0101_C03_032MA","Annotation of Margin of Error!!Male!!Total population!!SUMMARY INDICATORS!!Median age (years)"
"S0101_C03_033E","Estimate!!Male!!Total population!!SUMMARY INDICATORS!!Sex ratio (males per 100 females)"
"S0101_C03_033EA","Annotation of Estimate!!Male!!Total population!!SUMMARY INDICATORS!!Sex ratio (males per 100 females)"
"S0101_C03_033M","Margin of Error!!Male!!Total population!!SUMMARY INDICATORS!!Sex ratio (males per 100 females)"
"S0101_C03_033MA","Annotation of Margin of Error!!Male!!Total population!!SUMMARY INDICATORS!!Sex ratio (males per 100 females)"
"S0101_C03_034E","Estimate!!Male!!Total population!!SUMMARY INDICATORS!!Age dependency ratio"
"S0101_C03_034M","Margin of Error!!Male!!Total population!!SUMMARY INDICATORS!!Age dependency ratio"
"S0101_C03_034MA","Annotation of Margin of Error!!Male!!Total population!!SUMMARY INDICATORS!!Age dependency ratio"
"S0101_C03_034EA","Annotation of Estimate!!Male!!Total population!!SUMMARY INDICATORS!!Age dependency ratio"
"S0101_C03_035E","Estimate!!Male!!Total population!!SUMMARY INDICATORS!!Old-age dependency ratio"
"S0101_C03_035M","Margin of Error!!Male!!Total population!!SUMMARY INDICATORS!!Old-age dependency ratio"
"S0101_C03_035MA","Annotation of Margin of Error!!Male!!Total population!!SUMMARY INDICATORS!!Old-age dependency ratio"
"S0101_C03_035EA","Annotation of Estimate!!Male!!Total population!!SUMMARY INDICATORS!!Old-age dependency ratio"
"S0101_C03_036E","Estimate!!Male!!Total population!!SUMMARY INDICATORS!!Child dependency ratio"
"S0101_C03_036EA","Annotation of Estimate!!Male!!Total population!!SUMMARY INDICATORS!!Child dependency ratio"
"S0101_C03_036M","Margin of Error!!Male!!Total population!!SUMMARY INDICATORS!!Child dependency ratio"
"S0101_C03_036MA","Annotation of Margin of Error!!Male!!Total population!!SUMMARY INDICATORS!!Child dependency ratio"
"S0101_C03_037E","Estimate!!Male!!Total population!!PERCENT ALLOCATED!!Sex"
"S0101_C03_037EA","Annotation of Estimate!!Male!!Total population!!PERCENT ALLOCATED!!Sex"
"S0101_C03_037M","Margin of Error!!Male!!Total population!!PERCENT ALLOCATED!!Sex"
"S0101_C03_037MA","Annotation of Margin of Error!!Male!!Total population!!PERCENT ALLOCATED!!Sex"
"S0101_C03_038E","Estimate!!Male!!Total population!!PERCENT ALLOCATED!!Age"
"S0101_C03_038EA","Annotation of Estimate!!Male!!Total population!!PERCENT ALLOCATED!!Age"
"S0101_C03_038M","Margin of Error!!Male!!Total population!!PERCENT ALLOCATED!!Age"
"S0101_C03_038MA","Annotation of Margin of Error!!Male!!Total population!!PERCENT ALLOCATED!!Age"
"S0101_C04_001E","Estimate!!Percent Male!!Total population"
"S0101_C04_001M","Margin of Error!!Percent Male!!Total population"
"S0101_C04_001MA","Annotation of Margin of Error!!Percent Male!!Total population"
"S0101_C04_001EA","Annotation of Estimate!!Percent Male!!Total population"
"S0101_C04_002E","Estimate!!Percent Male!!Total population!!AGE!!Under 5 years"
"S0101_C04_002M","Margin of Error!!Percent Male!!Total population!!AGE!!Under 5 years"
"S0101_C04_002MA","Annotation of Margin of Error!!Percent Male!!Total population!!AGE!!Under 5 years"
"S0101_C04_002EA","Annotation of Estimate!!Percent Male!!Total population!!AGE!!Under 5 years"
"S0101_C04_003E","Estimate!!Percent Male!!Total population!!AGE!!5 to 9 years"
"S0101_C04_003M","Margin of Error!!Percent Male!!Total population!!AGE!!5 to 9 years"
"S0101_C04_003MA","Annotation of Margin of Error!!Percent Male!!Total population!!AGE!!5 to 9 years"
"S0101_C04_003EA","Annotation of Estimate!!Percent Male!!Total population!!AGE!!5 to 9 years"
"S0101_C04_004E","Estimate!!Percent Male!!Total population!!AGE!!10 to 14 years"
"S0101_C04_004M","Margin of Error!!Percent Male!!Total population!!AGE!!10 to 14 years"
"S0101_C04_004MA","Annotation of Margin of Error!!Percent Male!!Total population!!AGE!!10 to 14 years"
"S0101_C04_004EA","Annotation of Estimate!!Percent Male!!Total population!!AGE!!10 to 14 years"
"S0101_C04_005E","Estimate!!Percent Male!!Total population!!AGE!!15 to 19 years"
"S0101_C04_005M","Margin of Error!!Percent Male!!Total population!!AGE!!15 to 19 years"
"S0101_C04_005MA","Annotation of Margin of Error!!Percent Male!!Total population!!AGE!!15 to 19 years"
"S0101_C04_005EA","Annotation of Estimate!!Percent Male!!Total population!!AGE!!15 to 19 years"
"S0101_C04_006E","Estimate!!Percent Male!!Total population!!AGE!!20 to 24 years"
"S0101_C04_006M","Margin of Error!!Percent Male!!Total population!!AGE!!20 to 24 years"
"S0101_C04_006MA","Annotation of Margin of Error!!Percent Male!!Total population!!AGE!!20 to 24 years"
"S0101_C04_006EA","Annotation of Estimate!!Percent Male!!Total population!!AGE!!20 to 24 years"
"S0101_C04_007E","Estimate!!Percent Male!!Total population!!AGE!!25 to 29 years"
"S0101_C04_007M","Margin of Error!!Percent Male!!Total population!!AGE!!25 to 29 years"
"S0101_C04_007MA","Annotation of Margin of Error!!Percent Male!!Total population!!AGE!!25 to 29 years"
"S0101_C04_007EA","Annotation of Estimate!!Percent Male!!Total population!!AGE!!25 to 29 years"
"S0101_C04_008E","Estimate!!Percent Male!!Total population!!AGE!!30 to 34 years"
"S0101_C04_008M","Margin of Error!!Percent Male!!Total population!!AGE!!30 to 34 years"
"S0101_C04_008MA","Annotation of Margin of Error!!Percent Male!!Total population!!AGE!!30 to 34 years"
"S0101_C04_008EA","Annotation of Estimate!!Percent Male!!Total population!!AGE!!30 to 34 years"
"S0101_C04_009E","Estimate!!Percent Male!!Total population!!AGE!!35 to 39 years"
"S0101_C04_009M","Margin of Error!!Percent Male!!Total population!!AGE!!35 to 39 years"
"S0101_C04_009MA","Annotation of Margin of Error!!Percent Male!!Total population!!AGE!!35 to 39 years"
"S0101_C04_009EA","Annotation of Estimate!!Percent Male!!Total population!!AGE!!35 to 39 years"
"S0101_C04_010E","Estimate!!Percent Male!!Total population!!AGE!!40 to 44 years"
"S0101_C04_010M","Margin of Error!!Percent Male!!Total population!!AGE!!40 to 44 years"
"S0101_C04_010MA","Annotation of Margin of Error!!Percent Male!!Total population!!AGE!!40 to 44 years"
"S0101_C04_010EA","Annotation of Estimate!!Percent Male!!Total population!!AGE!!40 to 44 years"
"S0101_C04_011E","Estimate!!Percent Male!!Total population!!AGE!!45 to 49 years"
"S0101_C04_011EA","Annotation of Estimate!!Percent Male!!Total population!!AGE!!45 to 49 years"
"S0101_C04_011M","Margin of Error!!Percent Male!!Total population!!AGE!!45 to 49 years"
"S0101_C04_011MA","Annotation of Margin of Error!!Percent Male!!Total population!!AGE!!45 to 49 years"
"S0101_C04_012E","Estimate!!Percent Male!!Total population!!AGE!!50 to 54 years"
"S0101_C04_012M","Margin of Error!!Percent Male!!Total population!!AGE!!50 to 54 years"
"S0101_C04_012MA","Annotation of Margin of Error!!Percent Male!!Total population!!AGE!!50 to 54 years"
"S0101_C04_012EA","Annotation of Estimate!!Percent Male!!Total population!!AGE!!50 to 54 years"
"S0101_C04_013E","Estimate!!Percent Male!!Total population!!AGE!!55 to 59 years"
"S0101_C04_013EA","Annotation of Estimate!!Percent Male!!Total population!!AGE!!55 to 59 years"
"S0101_C04_013M","Margin of Error!!Percent Male!!Total population!!AGE!!55 to 59 years"
"S0101_C04_013MA","Annotation of Margin of Error!!Percent Male!!Total population!!AGE!!55 to 59 years"
"S0101_C04_014E","Estimate!!Percent Male!!Total population!!AGE!!60 to 64 years"
"S0101_C04_014EA","Annotation of Estimate!!Percent Male!!Total population!!AGE!!60 to 64 years"
"S0101_C04_014M","Margin of Error!!Percent Male!!Total population!!AGE!!60 to 64 years"
"S0101_C04_014MA","Annotation of Margin of Error!!Percent Male!!Total population!!AGE!!60 to 64 years"
"S0101_C04_015E","Estimate!!Percent Male!!Total population!!AGE!!65 to 69 years"
"S0101_C04_015EA","Annotation of Estimate!!Percent Male!!Total population!!AGE!!65 to 69 years"
"S0101_C04_015M","Margin of Error!!Percent Male!!Total population!!AGE!!65 to 69 years"
"S0101_C04_015MA","Annotation of Margin of Error!!Percent Male!!Total population!!AGE!!65 to 69 years"
"S0101_C04_016E","Estimate!!Percent Male!!Total population!!AGE!!70 to 74 years"
"S0101_C04_016EA","Annotation of Estimate!!Percent Male!!Total population!!AGE!!70 to 74 years"
"S0101_C04_016M","Margin of Error!!Percent Male!!Total population!!AGE!!70 to 74 years"
"S0101_C04_016MA","Annotation of Margin of Error!!Percent Male!!Total population!!AGE!!70 to 74 years"
"S0101_C04_017E","Estimate!!Percent Male!!Total population!!AGE!!75 to 79 years"
"S0101_C04_017EA","Annotation of Estimate!!Percent Male!!Total population!!AGE!!75 to 79 years"
"S0101_C04_017M","Margin of Error!!Percent Male!!Total population!!AGE!!75 to 79 years"
"S0101_C04_017MA","Annotation of Margin of Error!!Percent Male!!Total population!!AGE!!75 to 79 years"
"S0101_C04_018E","Estimate!!Percent Male!!Total population!!AGE!!80 to 84 years"
"S0101_C04_018M","Margin of Error!!Percent Male!!Total population!!AGE!!80 to 84 years"
"S0101_C04_018MA","Annotation of Margin of Error!!Percent Male!!Total population!!AGE!!80 to 84 years"
"S0101_C04_018EA","Annotation of Estimate!!Percent Male!!Total population!!AGE!!80 to 84 years"
"S0101_C04_019E","Estimate!!Percent Male!!Total population!!AGE!!85 years and over"
"S0101_C04_019EA","Annotation of Estimate!!Percent Male!!Total population!!AGE!!85 years and over"
"S0101_C04_019M","Margin of Error!!Percent Male!!Total population!!AGE!!85 years and over"
"S0101_C04_019MA","Annotation of Margin of Error!!Percent Male!!Total population!!AGE!!85 years and over"
"S0101_C04_020E","Estimate!!Percent Male!!Total population!!SELECTED AGE CATEGORIES!!5 to 14 years"
"S0101_C04_020EA","Annotation of Estimate!!Percent Male!!Total population!!SELECTED AGE CATEGORIES!!5 to 14 years"
"S0101_C04_020M","Margin of Error!!Percent Male!!Total population!!SELECTED AGE CATEGORIES!!5 to 14 years"
"S0101_C04_020MA","Annotation of Margin of Error!!Percent Male!!Total population!!SELECTED AGE CATEGORIES!!5 to 14 years"
"S0101_C04_021E","Estimate!!Percent Male!!Total population!!SELECTED AGE CATEGORIES!!15 to 17 years"
"S0101_C04_021EA","Annotation of Estimate!!Percent Male!!Total population!!SELECTED AGE CATEGORIES!!15 to 17 years"
"S0101_C04_021M","Margin of Error!!Percent Male!!Total population!!SELECTED AGE CATEGORIES!!15 to 17 years"
"S0101_C04_021MA","Annotation of Margin of Error!!Percent Male!!Total population!!SELECTED AGE CATEGORIES!!15 to 17 years"
"S0101_C04_022E","Estimate!!Percent Male!!Total population!!SELECTED AGE CATEGORIES!!Under 18 years"
"S0101_C04_022EA","Annotation of Estimate!!Percent Male!!Total population!!SELECTED AGE CATEGORIES!!Under 18 years"
"S0101_C04_022M","Margin of Error!!Percent Male!!Total population!!SELECTED AGE CATEGORIES!!Under 18 years"
"S0101_C04_022MA","Annotation of Margin of Error!!Percent Male!!Total population!!SELECTED AGE CATEGORIES!!Under 18 years"
"S0101_C04_023E","Estimate!!Percent Male!!Total population!!SELECTED AGE CATEGORIES!!18 to 24 years"
"S0101_C04_023M","Margin of Error!!Percent Male!!Total population!!SELECTED AGE CATEGORIES!!18 to 24 years"
"S0101_C04_023MA","Annotation of Margin of Error!!Percent Male!!Total population!!SELECTED AGE CATEGORIES!!18 to 24 years"
"S0101_C04_023EA","Annotation of Estimate!!Percent Male!!Total population!!SELECTED AGE CATEGORIES!!18 to 24 years"
"S0101_C04_024E","Estimate!!Percent Male!!Total population!!SELECTED AGE CATEGORIES!!15 to 44 years"
"S0101_C04_024EA","Annotation of Estimate!!Percent Male!!Total population!!SELECTED AGE CATEGORIES!!15 to 44 years"
"S0101_C04_024M","Margin of Error!!Percent Male!!Total population!!SELECTED AGE CATEGORIES!!15 to 44 years"
"S0101_C04_024MA","Annotation of Margin of Error!!Percent Male!!Total population!!SELECTED AGE CATEGORIES!!15 to 44 years"
"S0101_C04_025E","Estimate!!Percent Male!!Total population!!SELECTED AGE CATEGORIES!!16 years and over"
"S0101_C04_025EA","Annotation of Estimate!!Percent Male!!Total population!!SELECTED AGE CATEGORIES!!16 years and over"
"S0101_C04_025M","Margin of Error!!Percent Male!!Total population!!SELECTED AGE CATEGORIES!!16 years and over"
"S0101_C04_025MA","Annotation of Margin of Error!!Percent Male!!Total population!!SELECTED AGE CATEGORIES!!16 years and over"
"S0101_C04_026E","Estimate!!Percent Male!!Total population!!SELECTED AGE CATEGORIES!!18 years and over"
"S0101_C04_026EA","Annotation of Estimate!!Percent Male!!Total population!!SELECTED AGE CATEGORIES!!18 years and over"
"S0101_C04_026M","Margin of Error!!Percent Male!!Total population!!SELECTED AGE CATEGORIES!!18 years and over"
"S0101_C04_026MA","Annotation of Margin of Error!!Percent Male!!Total population!!SELECTED AGE CATEGORIES!!18 years and over"
"S0101_C04_027E","Estimate!!Percent Male!!Total population!!SELECTED AGE CATEGORIES!!21 years and over"
"S0101_C04_027EA","Annotation of Estimate!!Percent Male!!Total population!!SELECTED AGE CATEGORIES!!21 years and over"
"S0101_C04_027M","Margin of Error!!Percent Male!!Total population!!SELECTED AGE CATEGORIES!!21 years and over"
"S0101_C04_027MA","Annotation of Margin of Error!!Percent Male!!Total population!!SELECTED AGE CATEGORIES!!21 years and over"
"S0101_C04_028E","Estimate!!Percent Male!!Total population!!SELECTED AGE CATEGORIES!!60 years and over"
"S0101_C04_028EA","Annotation of Estimate!!Percent Male!!Total population!!SELECTED AGE CATEGORIES!!60 years and over"
"S0101_C04_028M","Margin of Error!!Percent Male!!Total population!!SELECTED AGE CATEGORIES!!60 years and over"
"S0101_C04_028MA","Annotation of Margin of Error!!Percent Male!!Total population!!SELECTED AGE CATEGORIES!!60 years and over"
"S0101_C04_029E","Estimate!!Percent Male!!Total population!!SELECTED AGE CATEGORIES!!62 years and over"
"S0101_C04_029EA","Annotation of Estimate!!Percent Male!!Total population!!SELECTED AGE CATEGORIES!!62 years and over"
"S0101_C04_029M","Margin of Error!!Percent Male!!Total population!!SELECTED AGE CATEGORIES!!62 years and over"
"S0101_C04_029MA","Annotation of Margin of Error!!Percent Male!!Total population!!SELECTED AGE CATEGORIES!!62 years and over"
"S0101_C04_030E","Estimate!!Percent Male!!Total population!!SELECTED AGE CATEGORIES!!65 years and over"
"S0101_C04_030EA","Annotation of Estimate!!Percent Male!!Total population!!SELECTED AGE CATEGORIES!!65 years and over"
"S0101_C04_030M","Margin of Error!!Percent Male!!Total population!!SELECTED AGE CATEGORIES!!65 years and over"
"S0101_C04_030MA","Annotation of Margin of Error!!Percent Male!!Total population!!SELECTED AGE CATEGORIES!!65 years and over"
"S0101_C04_031E","Estimate!!Percent Male!!Total population!!SELECTED AGE CATEGORIES!!75 years and over"
"S0101_C04_031EA","Annotation of Estimate!!Percent Male!!Total population!!SELECTED AGE CATEGORIES!!75 years and over"
"S0101_C04_031M","Margin of Error!!Percent Male!!Total population!!SELECTED AGE CATEGORIES!!75 years and over"
"S0101_C04_031MA","Annotation of Margin of Error!!Percent Male!!Total population!!SELECTED AGE CATEGORIES!!75 years and over"
"S0101_C04_032E","Estimate!!Percent Male!!Total population!!SUMMARY INDICATORS!!Median age (years)"
"S0101_C04_032EA","Annotation of Estimate!!Percent Male!!Total population!!SUMMARY INDICATORS!!Median age (years)"
"S0101_C04_032M","Margin of Error!!Percent Male!!Total population!!SUMMARY INDICATORS!!Median age (years)"
"S0101_C04_032MA","Annotation of Margin of Error!!Percent Male!!Total population!!SUMMARY INDICATORS!!Median age (years)"
"S0101_C04_033E","Estimate!!Percent Male!!Total population!!SUMMARY INDICATORS!!Sex ratio (males per 100 females)"
"S0101_C04_033M","Margin of Error!!Percent Male!!Total population!!SUMMARY INDICATORS!!Sex ratio (males per 100 females)"
"S0101_C04_033MA","Annotation of Margin of Error!!Percent Male!!Total population!!SUMMARY INDICATORS!!Sex ratio (males per 100 females)"
"S0101_C04_033EA","Annotation of Estimate!!Percent Male!!Total population!!SUMMARY INDICATORS!!Sex ratio (males per 100 females)"
"S0101_C04_034E","Estimate!!Percent Male!!Total population!!SUMMARY INDICATORS!!Age dependency ratio"
"S0101_C04_034EA","Annotation of Estimate!!Percent Male!!Total population!!SUMMARY INDICATORS!!Age dependency ratio"
"S0101_C04_034M","Margin of Error!!Percent Male!!Total population!!SUMMARY INDICATORS!!Age dependency ratio"
"S0101_C04_034MA","Annotation of Margin of Error!!Percent Male!!Total population!!SUMMARY INDICATORS!!Age dependency ratio"
"S0101_C04_035E","Estimate!!Percent Male!!Total population!!SUMMARY INDICATORS!!Old-age dependency ratio"
"S0101_C04_035EA","Annotation of Estimate!!Percent Male!!Total population!!SUMMARY INDICATORS!!Old-age dependency ratio"
"S0101_C04_035M","Margin of Error!!Percent Male!!Total population!!SUMMARY INDICATORS!!Old-age dependency ratio"
"S0101_C04_035MA","Annotation of Margin of Error!!Percent Male!!Total population!!SUMMARY INDICATORS!!Old-age dependency ratio"
"S0101_C04_036E","Estimate!!Percent Male!!Total population!!SUMMARY INDICATORS!!Child dependency ratio"
"S0101_C04_036EA","Annotation of Estimate!!Percent Male!!Total population!!SUMMARY INDICATORS!!Child dependency ratio"
"S0101_C04_036M","Margin of Error!!Percent Male!!Total population!!SUMMARY INDICATORS!!Child dependency ratio"
"S0101_C04_036MA","Annotation of Margin of Error!!Percent Male!!Total population!!SUMMARY INDICATORS!!Child dependency ratio"
"S0101_C04_037E","Estimate!!Percent Male!!Total population!!PERCENT ALLOCATED!!Sex"
"S0101_C04_037EA","Annotation of Estimate!!Percent Male!!Total population!!PERCENT ALLOCATED!!Sex"
"S0101_C04_037M","Margin of Error!!Percent Male!!Total population!!PERCENT ALLOCATED!!Sex"
"S0101_C04_037MA","Annotation of Margin of Error!!Percent Male!!Total population!!PERCENT ALLOCATED!!Sex"
"S0101_C04_038E","Estimate!!Percent Male!!Total population!!PERCENT ALLOCATED!!Age"
"S0101_C04_038M","Margin of Error!!Percent Male!!Total population!!PERCENT ALLOCATED!!Age"
"S0101_C04_038MA","Annotation of Margin of Error!!Percent Male!!Total population!!PERCENT ALLOCATED!!Age"
"S0101_C04_038EA","Annotation of Estimate!!Percent Male!!Total population!!PERCENT ALLOCATED!!Age"
"S0101_C05_001E","Estimate!!Female!!Total population"
"S0101_C05_001M","Margin of Error!!Female!!Total population"
"S0101_C05_001MA","Annotation of Margin of Error!!Female!!Total population"
"S0101_C05_001EA","Annotation of Estimate!!Female!!Total population"
"S0101_C05_002E","Estimate!!Female!!Total population!!AGE!!Under 5 years"
"S0101_C05_002M","Margin of Error!!Female!!Total population!!AGE!!Under 5 years"
"S0101_C05_002MA","Annotation of Margin of Error!!Female!!Total population!!AGE!!Under 5 years"
"S0101_C05_002EA","Annotation of Estimate!!Female!!Total population!!AGE!!Under 5 years"
"S0101_C05_003E","Estimate!!Female!!Total population!!AGE!!5 to 9 years"
"S0101_C05_003M","Margin of Error!!Female!!Total population!!AGE!!5 to 9 years"
"S0101_C05_003MA","Annotation of Margin of Error!!Female!!Total population!!AGE!!5 to 9 years"
"S0101_C05_003EA","Annotation of Estimate!!Female!!Total population!!AGE!!5 to 9 years"
"S0101_C05_004E","Estimate!!Female!!Total population!!AGE!!10 to 14 years"
"S0101_C05_004M","Margin of Error!!Female!!Total population!!AGE!!10 to 14 years"
"S0101_C05_004MA","Annotation of Margin of Error!!Female!!Total population!!AGE!!10 to 14 years"
"S0101_C05_004EA","Annotation of Estimate!!Female!!Total population!!AGE!!10 to 14 years"
"S0101_C05_005E","Estimate!!Female!!Total population!!AGE!!15 to 19 years"
"S0101_C05_005M","Margin of Error!!Female!!Total population!!AGE!!15 to 19 years"
"S0101_C05_005MA","Annotation of Margin of Error!!Female!!Total population!!AGE!!15 to 19 years"
"S0101_C05_005EA","Annotation of Estimate!!Female!!Total population!!AGE!!15 to 19 years"
"S0101_C05_006E","Estimate!!Female!!Total population!!AGE!!20 to 24 years"
"S0101_C05_006M","Margin of Error!!Female!!Total population!!AGE!!20 to 24 years"
"S0101_C05_006MA","Annotation of Margin of Error!!Female!!Total population!!AGE!!20 to 24 years"
"S0101_C05_006EA","Annotation of Estimate!!Female!!Total population!!AGE!!20 to 24 years"
"S0101_C05_007E","Estimate!!Female!!Total population!!AGE!!25 to 29 years"
"S0101_C05_007M","Margin of Error!!Female!!Total population!!AGE!!25 to 29 years"
"S0101_C05_007MA","Annotation of Margin of Error!!Female!!Total population!!AGE!!25 to 29 years"
"S0101_C05_007EA","Annotation of Estimate!!Female!!Total population!!AGE!!25 to 29 years"
"S0101_C05_008E","Estimate!!Female!!Total population!!AGE!!30 to 34 years"
"S0101_C05_008M","Margin of Error!!Female!!Total population!!AGE!!30 to 34 years"
"S0101_C05_008MA","Annotation of Margin of Error!!Female!!Total population!!AGE!!30 to 34 years"
"S0101_C05_008EA","Annotation of Estimate!!Female!!Total population!!AGE!!30 to 34 years"
"S0101_C05_009E","Estimate!!Female!!Total population!!AGE!!35 to 39 years"
"S0101_C05_009EA","Annotation of Estimate!!Female!!Total population!!AGE!!35 to 39 years"
"S0101_C05_009M","Margin of Error!!Female!!Total population!!AGE!!35 to 39 years"
"S0101_C05_009MA","Annotation of Margin of Error!!Female!!Total population!!AGE!!35 to 39 years"
"S0101_C05_010E","Estimate!!Female!!Total population!!AGE!!40 to 44 years"
"S0101_C05_010M","Margin of Error!!Female!!Total population!!AGE!!40 to 44 years"
"S0101_C05_010MA","Annotation of Margin of Error!!Female!!Total population!!AGE!!40 to 44 years"
"S0101_C05_010EA","Annotation of Estimate!!Female!!Total population!!AGE!!40 to 44 years"
"S0101_C05_011E","Estimate!!Female!!Total population!!AGE!!45 to 49 years"
"S0101_C05_011M","Margin of Error!!Female!!Total population!!AGE!!45 to 49 years"
"S0101_C05_011MA","Annotation of Margin of Error!!Female!!Total population!!AGE!!45 to 49 years"
"S0101_C05_011EA","Annotation of Estimate!!Female!!Total population!!AGE!!45 to 49 years"
"S0101_C05_012E","Estimate!!Female!!Total population!!AGE!!50 to 54 years"
"S0101_C05_012M","Margin of Error!!Female!!Total population!!AGE!!50 to 54 years"
"S0101_C05_012MA","Annotation of Margin of Error!!Female!!Total population!!AGE!!50 to 54 years"
"S0101_C05_012EA","Annotation of Estimate!!Female!!Total population!!AGE!!50 to 54 years"
"S0101_C05_013E","Estimate!!Female!!Total population!!AGE!!55 to 59 years"
"S0101_C05_013EA","Annotation of Estimate!!Female!!Total population!!AGE!!55 to 59 years"
"S0101_C05_013M","Margin of Error!!Female!!Total population!!AGE!!55 to 59 years"
"S0101_C05_013MA","Annotation of Margin of Error!!Female!!Total population!!AGE!!55 to 59 years"
"S0101_C05_014E","Estimate!!Female!!Total population!!AGE!!60 to 64 years"
"S0101_C05_014EA","Annotation of Estimate!!Female!!Total population!!AGE!!60 to 64 years"
"S0101_C05_014M","Margin of Error!!Female!!Total population!!AGE!!60 to 64 years"
"S0101_C05_014MA","Annotation of Margin of Error!!Female!!Total population!!AGE!!60 to 64 years"
"S0101_C05_015E","Estimate!!Female!!Total population!!AGE!!65 to 69 years"
"S0101_C05_015EA","Annotation of Estimate!!Female!!Total population!!AGE!!65 to 69 years"
"S0101_C05_015M","Margin of Error!!Female!!Total population!!AGE!!65 to 69 years"
"S0101_C05_015MA","Annotation of Margin of Error!!Female!!Total population!!AGE!!65 to 69 years"
"S0101_C05_016E","Estimate!!Female!!Total population!!AGE!!70 to 74 years"
"S0101_C05_016EA","Annotation of Estimate!!Female!!Total population!!AGE!!70 to 74 years"
"S0101_C05_016M","Margin of Error!!Female!!Total population!!AGE!!70 to 74 years"
"S0101_C05_016MA","Annotation of Margin of Error!!Female!!Total population!!AGE!!70 to 74 years"
"S0101_C05_017E","Estimate!!Female!!Total population!!AGE!!75 to 79 years"
"S0101_C05_017EA","Annotation of Estimate!!Female!!Total population!!AGE!!75 to 79 years"
"S0101_C05_017M","Margin of Error!!Female!!Total population!!AGE!!75 to 79 years"
"S0101_C05_017MA","Annotation of Margin of Error!!Female!!Total population!!AGE!!75 to 79 years"
"S0101_C05_018E","Estimate!!Female!!Total population!!AGE!!80 to 84 years"
"S0101_C05_018EA","Annotation of Estimate!!Female!!Total population!!AGE!!80 to 84 years"
"S0101_C05_018M","Margin of Error!!Female!!Total population!!AGE!!80 to 84 years"
"S0101_C05_018MA","Annotation of Margin of Error!!Female!!Total population!!AGE!!80 to 84 years"
"S0101_C05_019E","Estimate!!Female!!Total population!!AGE!!85 years and over"
"S0101_C05_019EA","Annotation of Estimate!!Female!!Total population!!AGE!!85 years and over"
"S0101_C05_019M","Margin of Error!!Female!!Total population!!AGE!!85 years and over"
"S0101_C05_019MA","Annotation of Margin of Error!!Female!!Total population!!AGE!!85 years and over"
"S0101_C05_020E","Estimate!!Female!!Total population!!SELECTED AGE CATEGORIES!!5 to 14 years"
"S0101_C05_020M","Margin of Error!!Female!!Total population!!SELECTED AGE CATEGORIES!!5 to 14 years"
"S0101_C05_020MA","Annotation of Margin of Error!!Female!!Total population!!SELECTED AGE CATEGORIES!!5 to 14 years"
"S0101_C05_020EA","Annotation of Estimate!!Female!!Total population!!SELECTED AGE CATEGORIES!!5 to 14 years"
"S0101_C05_021E","Estimate!!Female!!Total population!!SELECTED AGE CATEGORIES!!15 to 17 years"
"S0101_C05_021EA","Annotation of Estimate!!Female!!Total population!!SELECTED AGE CATEGORIES!!15 to 17 years"
"S0101_C05_021M","Margin of Error!!Female!!Total population!!SELECTED AGE CATEGORIES!!15 to 17 years"
"S0101_C05_021MA","Annotation of Margin of Error!!Female!!Total population!!SELECTED AGE CATEGORIES!!15 to 17 years"
"S0101_C05_022E","Estimate!!Female!!Total population!!SELECTED AGE CATEGORIES!!Under 18 years"
"S0101_C05_022M","Margin of Error!!Female!!Total population!!SELECTED AGE CATEGORIES!!Under 18 years"
"S0101_C05_022MA","Annotation of Margin of Error!!Female!!Total population!!SELECTED AGE CATEGORIES!!Under 18 years"
"S0101_C05_022EA","Annotation of Estimate!!Female!!Total population!!SELECTED AGE CATEGORIES!!Under 18 years"
"S0101_C05_023E","Estimate!!Female!!Total population!!SELECTED AGE CATEGORIES!!18 to 24 years"
"S0101_C05_023EA","Annotation of Estimate!!Female!!Total population!!SELECTED AGE CATEGORIES!!18 to 24 years"
"S0101_C05_023M","Margin of Error!!Female!!Total population!!SELECTED AGE CATEGORIES!!18 to 24 years"
"S0101_C05_023MA","Annotation of Margin of Error!!Female!!Total population!!SELECTED AGE CATEGORIES!!18 to 24 years"
"S0101_C05_024E","Estimate!!Female!!Total population!!SELECTED AGE CATEGORIES!!15 to 44 years"
"S0101_C05_024EA","Annotation of Estimate!!Female!!Total population!!SELECTED AGE CATEGORIES!!15 to 44 years"
"S0101_C05_024M","Margin of Error!!Female!!Total population!!SELECTED AGE CATEGORIES!!15 to 44 years"
"S0101_C05_024MA","Annotation of Margin of Error!!Female!!Total population!!SELECTED AGE CATEGORIES!!15 to 44 years"
"S0101_C05_025E","Estimate!!Female!!Total population!!SELECTED AGE CATEGORIES!!16 years and over"
"S0101_C05_025EA","Annotation of Estimate!!Female!!Total population!!SELECTED AGE CATEGORIES!!16 years and over"
"S0101_C05_025M","Margin of Error!!Female!!Total population!!SELECTED AGE CATEGORIES!!16 years and over"
"S0101_C05_025MA","Annotation of Margin of Error!!Female!!Total population!!SELECTED AGE CATEGORIES!!16 years and over"
"S0101_C05_026E","Estimate!!Female!!Total population!!SELECTED AGE CATEGORIES!!18 years and over"
"S0101_C05_026EA","Annotation of Estimate!!Female!!Total population!!SELECTED AGE CATEGORIES!!18 years and over"
"S0101_C05_026M","Margin of Error!!Female!!Total population!!SELECTED AGE CATEGORIES!!18 years and over"
"S0101_C05_026MA","Annotation of Margin of Error!!Female!!Total population!!SELECTED AGE CATEGORIES!!18 years and over"
"S0101_C05_027E","Estimate!!Female!!Total population!!SELECTED AGE CATEGORIES!!21 years and over"
"S0101_C05_027EA","Annotation of Estimate!!Female!!Total population!!SELECTED AGE CATEGORIES!!21 years and over"
"S0101_C05_027M","Margin of Error!!Female!!Total population!!SELECTED AGE CATEGORIES!!21 years and over"
"S0101_C05_027MA","Annotation of Margin of Error!!Female!!Total population!!SELECTED AGE CATEGORIES!!21 years and over"
"S0101_C05_028E","Estimate!!Female!!Total population!!SELECTED AGE CATEGORIES!!60 years and over"
"S0101_C05_028EA","Annotation of Estimate!!Female!!Total population!!SELECTED AGE CATEGORIES!!60 years and over"
"S0101_C05_028M","Margin of Error!!Female!!Total population!!SELECTED AGE CATEGORIES!!60 years and over"
"S0101_C05_028MA","Annotation of Margin of Error!!Female!!Total population!!SELECTED AGE CATEGORIES!!60 years and over"
"S0101_C05_029E","Estimate!!Female!!Total population!!SELECTED AGE CATEGORIES!!62 years and over"
"S0101_C05_029EA","Annotation of Estimate!!Female!!Total population!!SELECTED AGE CATEGORIES!!62 years and over"
"S0101_C05_029M","Margin of Error!!Female!!Total population!!SELECTED AGE CATEGORIES!!62 years and over"
"S0101_C05_029MA","Annotation of Margin of Error!!Female!!Total population!!SELECTED AGE CATEGORIES!!62 years and over"
"S0101_C05_030E","Estimate!!Female!!Total population!!SELECTED AGE CATEGORIES!!65 years and over"
"S0101_C05_030EA","Annotation of Estimate!!Female!!Total population!!SELECTED AGE CATEGORIES!!65 years and over"
"S0101_C05_030M","Margin of Error!!Female!!Total population!!SELECTED AGE CATEGORIES!!65 years and over"
"S0101_C05_030MA","Annotation of Margin of Error!!Female!!Total population!!SELECTED AGE CATEGORIES!!65 years and over"
"S0101_C05_031E","Estimate!!Female!!Total population!!SELECTED AGE CATEGORIES!!75 years and over"
"S0101_C05_031M","Margin of Error!!Female!!Total population!!SELECTED AGE CATEGORIES!!75 years and over"
"S0101_C05_031MA","Annotation of Margin of Error!!Female!!Total population!!SELECTED AGE CATEGORIES!!75 years and over"
"S0101_C05_031EA","Annotation of Estimate!!Female!!Total population!!SELECTED AGE CATEGORIES!!75 years and over"
"S0101_C05_032E","Estimate!!Female!!Total population!!SUMMARY INDICATORS!!Median age (years)"
"S0101_C05_032EA","Annotation of Estimate!!Female!!Total population!!SUMMARY INDICATORS!!Median age (years)"
"S0101_C05_032M","Margin of Error!!Female!!Total population!!SUMMARY INDICATORS!!Median age (years)"
"S0101_C05_032MA","Annotation of Margin of Error!!Female!!Total population!!SUMMARY INDICATORS!!Median age (years)"
"S0101_C05_033E","Estimate!!Female!!Total population!!SUMMARY INDICATORS!!Sex ratio (males per 100 females)"
"S0101_C05_033EA","Annotation of Estimate!!Female!!Total population!!SUMMARY INDICATORS!!Sex ratio (males per 100 females)"
"S0101_C05_033M","Margin of Error!!Female!!Total population!!SUMMARY INDICATORS!!Sex ratio (males per 100 females)"
"S0101_C05_033MA","Annotation of Margin of Error!!Female!!Total population!!SUMMARY INDICATORS!!Sex ratio (males per 100 females)"
"S0101_C05_034E","Estimate!!Female!!Total population!!SUMMARY INDICATORS!!Age dependency ratio"
"S0101_C05_034EA","Annotation of Estimate!!Female!!Total population!!SUMMARY INDICATORS!!Age dependency ratio"
"S0101_C05_034M","Margin of Error!!Female!!Total population!!SUMMARY INDICATORS!!Age dependency ratio"
"S0101_C05_034MA","Annotation of Margin of Error!!Female!!Total population!!SUMMARY INDICATORS!!Age dependency ratio"
"S0101_C05_035E","Estimate!!Female!!Total population!!SUMMARY INDICATORS!!Old-age dependency ratio"
"S0101_C05_035EA","Annotation of Estimate!!Female!!Total population!!SUMMARY INDICATORS!!Old-age dependency ratio"
"S0101_C05_035M","Margin of Error!!Female!!Total population!!SUMMARY INDICATORS!!Old-age dependency ratio"
"S0101_C05_035MA","Annotation of Margin of Error!!Female!!Total population!!SUMMARY INDICATORS!!Old-age dependency ratio"
"S0101_C05_036E","Estimate!!Female!!Total population!!SUMMARY INDICATORS!!Child dependency ratio"
"S0101_C05_036EA","Annotation of Estimate!!Female!!Total population!!SUMMARY INDICATORS!!Child dependency ratio"
"S0101_C05_036M","Margin of Error!!Female!!Total population!!SUMMARY INDICATORS!!Child dependency ratio"
"S0101_C05_036MA","Annotation of Margin of Error!!Female!!Total population!!SUMMARY INDICATORS!!Child dependency ratio"
"S0101_C05_037E","Estimate!!Female!!Total population!!PERCENT ALLOCATED!!Sex"
"S0101_C05_037EA","Annotation of Estimate!!Female!!Total population!!PERCENT ALLOCATED!!Sex"
"S0101_C05_037M","Margin of Error!!Female!!Total population!!PERCENT ALLOCATED!!Sex"
"S0101_C05_037MA","Annotation of Margin of Error!!Female!!Total population!!PERCENT ALLOCATED!!Sex"
"S0101_C05_038E","Estimate!!Female!!Total population!!PERCENT ALLOCATED!!Age"
"S0101_C05_038EA","Annotation of Estimate!!Female!!Total population!!PERCENT ALLOCATED!!Age"
"S0101_C05_038M","Margin of Error!!Female!!Total population!!PERCENT ALLOCATED!!Age"
"S0101_C05_038MA","Annotation of Margin of Error!!Female!!Total population!!PERCENT ALLOCATED!!Age"
"S0101_C06_001E","Estimate!!Percent Female!!Total population"
"S0101_C06_001M","Margin of Error!!Percent Female!!Total population"
"S0101_C06_001MA","Annotation of Margin of Error!!Percent Female!!Total population"
"S0101_C06_001EA","Annotation of Estimate!!Percent Female!!Total population"
"S0101_C06_002E","Estimate!!Percent Female!!Total population!!AGE!!Under 5 years"
"S0101_C06_002M","Margin of Error!!Percent Female!!Total population!!AGE!!Under 5 years"
"S0101_C06_002MA","Annotation of Margin of Error!!Percent Female!!Total population!!AGE!!Under 5 years"
"S0101_C06_002EA","Annotation of Estimate!!Percent Female!!Total population!!AGE!!Under 5 years"
"S0101_C06_003E","Estimate!!Percent Female!!Total population!!AGE!!5 to 9 years"
"S0101_C06_003M","Margin of Error!!Percent Female!!Total population!!AGE!!5 to 9 years"
"S0101_C06_003MA","Annotation of Margin of Error!!Percent Female!!Total population!!AGE!!5 to 9 years"
"S0101_C06_003EA","Annotation of Estimate!!Percent Female!!Total population!!AGE!!5 to 9 years"
"S0101_C06_004E","Estimate!!Percent Female!!Total population!!AGE!!10 to 14 years"
"S0101_C06_004M","Margin of Error!!Percent Female!!Total population!!AGE!!10 to 14 years"
"S0101_C06_004MA","Annotation of Margin of Error!!Percent Female!!Total population!!AGE!!10 to 14 years"
"S0101_C06_004EA","Annotation of Estimate!!Percent Female!!Total population!!AGE!!10 to 14 years"
"S0101_C06_005E","Estimate!!Percent Female!!Total population!!AGE!!15 to 19 years"
"S0101_C06_005M","Margin of Error!!Percent Female!!Total population!!AGE!!15 to 19 years"
"S0101_C06_005MA","Annotation of Margin of Error!!Percent Female!!Total population!!AGE!!15 to 19 years"
"S0101_C06_005EA","Annotation of Estimate!!Percent Female!!Total population!!AGE!!15 to 19 years"
"S0101_C06_006E","Estimate!!Percent Female!!Total population!!AGE!!20 to 24 years"
"S0101_C06_006M","Margin of Error!!Percent Female!!Total population!!AGE!!20 to 24 years"
"S0101_C06_006MA","Annotation of Margin of Error!!Percent Female!!Total population!!AGE!!20 to 24 years"
"S0101_C06_006EA","Annotation of Estimate!!Percent Female!!Total population!!AGE!!20 to 24 years"
"S0101_C06_007E","Estimate!!Percent Female!!Total population!!AGE!!25 to 29 years"
"S0101_C06_007EA","Annotation of Estimate!!Percent Female!!Total population!!AGE!!25 to 29 years"
"S0101_C06_007M","Margin of Error!!Percent Female!!Total population!!AGE!!25 to 29 years"
"S0101_C06_007MA","Annotation of Margin of Error!!Percent Female!!Total population!!AGE!!25 to 29 years"
"S0101_C06_008E","Estimate!!Percent Female!!Total population!!AGE!!30 to 34 years"
"S0101_C06_008M","Margin of Error!!Percent Female!!Total population!!AGE!!30 to 34 years"
"S0101_C06_008MA","Annotation of Margin of Error!!Percent Female!!Total population!!AGE!!30 to 34 years"
"S0101_C06_008EA","Annotation of Estimate!!Percent Female!!Total population!!AGE!!30 to 34 years"
"S0101_C06_009E","Estimate!!Percent Female!!Total population!!AGE!!35 to 39 years"
"S0101_C06_009M","Margin of Error!!Percent Female!!Total population!!AGE!!35 to 39 years"
"S0101_C06_009MA","Annotation of Margin of Error!!Percent Female!!Total population!!AGE!!35 to 39 years"
"S0101_C06_009EA","Annotation of Estimate!!Percent Female!!Total population!!AGE!!35 to 39 years"
"S0101_C06_010E","Estimate!!Percent Female!!Total population!!AGE!!40 to 44 years"
"S0101_C06_010M","Margin of Error!!Percent Female!!Total population!!AGE!!40 to 44 years"
"S0101_C06_010MA","Annotation of Margin of Error!!Percent Female!!Total population!!AGE!!40 to 44 years"
"S0101_C06_010EA","Annotation of Estimate!!Percent Female!!Total population!!AGE!!40 to 44 years"
"S0101_C06_011E","Estimate!!Percent Female!!Total population!!AGE!!45 to 49 years"
"S0101_C06_011M","Margin of Error!!Percent Female!!Total population!!AGE!!45 to 49 years"
"S0101_C06_011MA","Annotation of Margin of Error!!Percent Female!!Total population!!AGE!!45 to 49 years"
"S0101_C06_011EA","Annotation of Estimate!!Percent Female!!Total population!!AGE!!45 to 49 years"
"S0101_C06_012E","Estimate!!Percent Female!!Total population!!AGE!!50 to 54 years"
"S0101_C06_012M","Margin of Error!!Percent Female!!Total population!!AGE!!50 to 54 years"
"S0101_C06_012MA","Annotation of Margin of Error!!Percent Female!!Total population!!AGE!!50 to 54 years"
"S0101_C06_012EA","Annotation of Estimate!!Percent Female!!Total population!!AGE!!50 to 54 years"
"S0101_C06_013E","Estimate!!Percent Female!!Total population!!AGE!!55 to 59 years"
"S0101_C06_013EA","Annotation of Estimate!!Percent Female!!Total population!!AGE!!55 to 59 years"
"S0101_C06_013M","Margin of Error!!Percent Female!!Total population!!AGE!!55 to 59 years"
"S0101_C06_013MA","Annotation of Margin of Error!!Percent Female!!Total population!!AGE!!55 to 59 years"
"S0101_C06_014E","Estimate!!Percent Female!!Total population!!AGE!!60 to 64 years"
"S0101_C06_014EA","Annotation of Estimate!!Percent Female!!Total population!!AGE!!60 to 64 years"
"S0101_C06_014M","Margin of Error!!Percent Female!!Total population!!AGE!!60 to 64 years"
"S0101_C06_014MA","Annotation of Margin of Error!!Percent Female!!Total population!!AGE!!60 to 64 years"
"S0101_C06_015E","Estimate!!Percent Female!!Total population!!AGE!!65 to 69 years"
"S0101_C06_015EA","Annotation of Estimate!!Percent Female!!Total population!!AGE!!65 to 69 years"
"S0101_C06_015M","Margin of Error!!Percent Female!!Total population!!AGE!!65 to 69 years"
"S0101_C06_015MA","Annotation of Margin of Error!!Percent Female!!Total population!!AGE!!65 to 69 years"
"S0101_C06_016E","Estimate!!Percent Female!!Total population!!AGE!!70 to 74 years"
"S0101_C06_016EA","Annotation of Estimate!!Percent Female!!Total population!!AGE!!70 to 74 years"
"S0101_C06_016M","Margin of Error!!Percent Female!!Total population!!AGE!!70 to 74 years"
"S0101_C06_016MA","Annotation of Margin of Error!!Percent Female!!Total population!!AGE!!70 to 74 years"
"S0101_C06_017E","Estimate!!Percent Female!!Total population!!AGE!!75 to 79 years"
"S0101_C06_017EA","Annotation of Estimate!!Percent Female!!Total population!!AGE!!75 to 79 years"
"S0101_C06_017M","Margin of Error!!Percent Female!!Total population!!AGE!!75 to 79 years"
"S0101_C06_017MA","Annotation of Margin of Error!!Percent Female!!Total population!!AGE!!75 to 79 years"
"S0101_C06_018E","Estimate!!Percent Female!!Total population!!AGE!!80 to 84 years"
"S0101_C06_018EA","Annotation of Estimate!!Percent Female!!Total population!!AGE!!80 to 84 years"
"S0101_C06_018M","Margin of Error!!Percent Female!!Total population!!AGE!!80 to 84 years"
"S0101_C06_018MA","Annotation of Margin of Error!!Percent Female!!Total population!!AGE!!80 to 84 years"
"S0101_C06_019E","Estimate!!Percent Female!!Total population!!AGE!!85 years and over"
"S0101_C06_019EA","Annotation of Estimate!!Percent Female!!Total population!!AGE!!85 years and over"
"S0101_C06_019M","Margin of Error!!Percent Female!!Total population!!AGE!!85 years and over"
"S0101_C06_019MA","Annotation of Margin of Error!!Percent Female!!Total population!!AGE!!85 years and over"
"S0101_C06_020E","Estimate!!Percent Female!!Total population!!SELECTED AGE CATEGORIES!!5 to 14 years"
"S0101_C06_020EA","Annotation of Estimate!!Percent Female!!Total population!!SELECTED AGE CATEGORIES!!5 to 14 years"
"S0101_C06_020M","Margin of Error!!Percent Female!!Total population!!SELECTED AGE CATEGORIES!!5 to 14 years"
"S0101_C06_020MA","Annotation of Margin of Error!!Percent Female!!Total population!!SELECTED AGE CATEGORIES!!5 to 14 years"
"S0101_C06_021E","Estimate!!Percent Female!!Total population!!SELECTED AGE CATEGORIES!!15 to 17 years"
"S0101_C06_021EA","Annotation of Estimate!!Percent Female!!Total population!!SELECTED AGE CATEGORIES!!15 to 17 years"
"S0101_C06_021M","Margin of Error!!Percent Female!!Total population!!SELECTED AGE CATEGORIES!!15 to 17 years"
"S0101_C06_021MA","Annotation of Margin of Error!!Percent Female!!Total population!!SELECTED AGE CATEGORIES!!15 to 17 years"
"S0101_C06_022E","Estimate!!Percent Female!!Total population!!SELECTED AGE CATEGORIES!!Under 18 years"
"S0101_C06_022EA","Annotation of Estimate!!Percent Female!!Total population!!SELECTED AGE CATEGORIES!!Under 18 years"
"S0101_C06_022M","Margin of Error!!Percent Female!!Total population!!SELECTED AGE CATEGORIES!!Under 18 years"
"S0101_C06_022MA","Annotation of Margin of Error!!Percent Female!!Total population!!SELECTED AGE CATEGORIES!!Under 18 years"
"S0101_C06_023E","Estimate!!Percent Female!!Total population!!SELECTED AGE CATEGORIES!!18 to 24 years"
"S0101_C06_023EA","Annotation of Estimate!!Percent Female!!Total population!!SELECTED AGE CATEGORIES!!18 to 24 years"
"S0101_C06_023M","Margin of Error!!Percent Female!!Total population!!SELECTED AGE CATEGORIES!!18 to 24 years"
"S0101_C06_023MA","Annotation of Margin of Error!!Percent Female!!Total population!!SELECTED AGE CATEGORIES!!18 to 24 years"
"S0101_C06_024E","Estimate!!Percent Female!!Total population!!SELECTED AGE CATEGORIES!!15 to 44 years"
"S0101_C06_024EA","Annotation of Estimate!!Percent Female!!Total population!!SELECTED AGE CATEGORIES!!15 to 44 years"
"S0101_C06_024M","Margin of Error!!Percent Female!!Total population!!SELECTED AGE CATEGORIES!!15 to 44 years"
"S0101_C06_024MA","Annotation of Margin of Error!!Percent Female!!Total population!!SELECTED AGE CATEGORIES!!15 to 44 years"
"S0101_C06_025E","Estimate!!Percent Female!!Total population!!SELECTED AGE CATEGORIES!!16 years and over"
"S0101_C06_025EA","Annotation of Estimate!!Percent Female!!Total population!!SELECTED AGE CATEGORIES!!16 years and over"
"S0101_C06_025M","Margin of Error!!Percent Female!!Total population!!SELECTED AGE CATEGORIES!!16 years and over"
"S0101_C06_025MA","Annotation of Margin of Error!!Percent Female!!Total population!!SELECTED AGE CATEGORIES!!16 years and over"
"S0101_C06_026E","Estimate!!Percent Female!!Total population!!SELECTED AGE CATEGORIES!!18 years and over"
"S0101_C06_026EA","Annotation of Estimate!!Percent Female!!Total population!!SELECTED AGE CATEGORIES!!18 years and over"
"S0101_C06_026M","Margin of Error!!Percent Female!!Total population!!SELECTED AGE CATEGORIES!!18 years and over"
"S0101_C06_026MA","Annotation of Margin of Error!!Percent Female!!Total population!!SELECTED AGE CATEGORIES!!18 years and over"
"S0101_C06_027E","Estimate!!Percent Female!!Total population!!SELECTED AGE CATEGORIES!!21 years and over"
"S0101_C06_027EA","Annotation of Estimate!!Percent Female!!Total population!!SELECTED AGE CATEGORIES!!21 years and over"
"S0101_C06_027M","Margin of Error!!Percent Female!!Total population!!SELECTED AGE CATEGORIES!!21 years and over"
"S0101_C06_027MA","Annotation of Margin of Error!!Percent Female!!Total population!!SELECTED AGE CATEGORIES!!21 years and over"
"S0101_C06_028E","Estimate!!Percent Female!!Total population!!SELECTED AGE CATEGORIES!!60 years and over"
"S0101_C06_028EA","Annotation of Estimate!!Percent Female!!Total population!!SELECTED AGE CATEGORIES!!60 years and over"
"S0101_C06_028M","Margin of Error!!Percent Female!!Total population!!SELECTED AGE CATEGORIES!!60 years and over"
"S0101_C06_028MA","Annotation of Margin of Error!!Percent Female!!Total population!!SELECTED AGE CATEGORIES!!60 years and over"
"S0101_C06_029E","Estimate!!Percent Female!!Total population!!SELECTED AGE CATEGORIES!!62 years and over"
"S0101_C06_029EA","Annotation of Estimate!!Percent Female!!Total population!!SELECTED AGE CATEGORIES!!62 years and over"
"S0101_C06_029M","Margin of Error!!Percent Female!!Total population!!SELECTED AGE CATEGORIES!!62 years and over"
"S0101_C06_029MA","Annotation of Margin of Error!!Percent Female!!Total population!!SELECTED AGE CATEGORIES!!62 years and over"
"S0101_C06_030E","Estimate!!Percent Female!!Total population!!SELECTED AGE CATEGORIES!!65 years and over"
"S0101_C06_030EA","Annotation of Estimate!!Percent Female!!Total population!!SELECTED AGE CATEGORIES!!65 years and over"
"S0101_C06_030M","Margin of Error!!Percent Female!!Total population!!SELECTED AGE CATEGORIES!!65 years and over"
"S0101_C06_030MA","Annotation of Margin of Error!!Percent Female!!Total population!!SELECTED AGE CATEGORIES!!65 years and over"
"S0101_C06_031E","Estimate!!Percent Female!!Total population!!SELECTED AGE CATEGORIES!!75 years and over"
"S0101_C06_031EA","Annotation of Estimate!!Percent Female!!Total population!!SELECTED AGE CATEGORIES!!75 years and over"
"S0101_C06_031M","Margin of Error!!Percent Female!!Total population!!SELECTED AGE CATEGORIES!!75 years and over"
"S0101_C06_031MA","Annotation of Margin of Error!!Percent Female!!Total population!!SELECTED AGE CATEGORIES!!75 years and over"
"S0101_C06_032E","Estimate!!Percent Female!!Total population!!SUMMARY INDICATORS!!Median age (years)"
"S0101_C06_032EA","Annotation of Estimate!!Percent Female!!Total population!!SUMMARY INDICATORS!!Median age (years)"
"S0101_C06_032M","Margin of Error!!Percent Female!!Total population!!SUMMARY INDICATORS!!Median age (years)"
"S0101_C06_032MA","Annotation of Margin of Error!!Percent Female!!Total population!!SUMMARY INDICATORS!!Median age (years)"
"S0101_C06_033E","Estimate!!Percent Female!!Total population!!SUMMARY INDICATORS!!Sex ratio (males per 100 females)"
"S0101_C06_033EA","Annotation of Estimate!!Percent Female!!Total population!!SUMMARY INDICATORS!!Sex ratio (males per 100 females)"
"S0101_C06_033M","Margin of Error!!Percent Female!!Total population!!SUMMARY INDICATORS!!Sex ratio (males per 100 females)"
"S0101_C06_033MA","Annotation of Margin of Error!!Percent Female!!Total population!!SUMMARY INDICATORS!!Sex ratio (males per 100 females)"
"S0101_C06_034E","Estimate!!Percent Female!!Total population!!SUMMARY INDICATORS!!Age dependency ratio"
"S0101_C06_034EA","Annotation of Estimate!!Percent Female!!Total population!!SUMMARY INDICATORS!!Age dependency ratio"
"S0101_C06_034M","Margin of Error!!Percent Female!!Total population!!SUMMARY INDICATORS!!Age dependency ratio"
"S0101_C06_034MA","Annotation of Margin of Error!!Percent Female!!Total population!!SUMMARY INDICATORS!!Age dependency ratio"
"S0101_C06_035E","Estimate!!Percent Female!!Total population!!SUMMARY INDICATORS!!Old-age dependency ratio"
"S0101_C06_035EA","Annotation of Estimate!!Percent Female!!Total population!!SUMMARY INDICATORS!!Old-age dependency ratio"
"S0101_C06_035M","Margin of Error!!Percent Female!!Total population!!SUMMARY INDICATORS!!Old-age dependency ratio"
"S0101_C06_035MA","Annotation of Margin of Error!!Percent Female!!Total population!!SUMMARY INDICATORS!!Old-age dependency ratio"
"S0101_C06_036E","Estimate!!Percent Female!!Total population!!SUMMARY INDICATORS!!Child dependency ratio"
"S0101_C06_036EA","Annotation of Estimate!!Percent Female!!Total population!!SUMMARY INDICATORS!!Child dependency ratio"
"S0101_C06_036M","Margin of Error!!Percent Female!!Total population!!SUMMARY INDICATORS!!Child dependency ratio"
"S0101_C06_036MA","Annotation of Margin of Error!!Percent Female!!Total population!!SUMMARY INDICATORS!!Child dependency ratio"
"S0101_C06_037E","Estimate!!Percent Female!!Total population!!PERCENT ALLOCATED!!Sex"
"S0101_C06_037EA","Annotation of Estimate!!Percent Female!!Total population!!PERCENT ALLOCATED!!Sex"
"S0101_C06_037M","Margin of Error!!Percent Female!!Total population!!PERCENT ALLOCATED!!Sex"
"S0101_C06_037MA","Annotation of Margin of Error!!Percent Female!!Total population!!PERCENT ALLOCATED!!Sex"
"S0101_C06_038E","Estimate!!Percent Female!!Total population!!PERCENT ALLOCATED!!Age"
"S0101_C06_038EA","Annotation of Estimate!!Percent Female!!Total population!!PERCENT ALLOCATED!!Age"
"S0101_C06_038M","Margin of Error!!Percent Female!!Total population!!PERCENT ALLOCATED!!Age"
"S0101_C06_038MA","Annotation of Margin of Error!!Percent Female!!Total population!!PERCENT ALLOCATED!!Age"
